case_tag	extension	n	parameter_name	parameter	partial_states	input_rows	state_rows	serialized_bytes	bytes_per_input_row	build_wall_seconds	build_user_seconds	build_system_seconds	build_max_rss_kb	exit_code	stdout_sha256	query_id
row_scaling	timeSeriesLaggedLinearRegression	1000	order	4	1	1000	1	16053	16.053000	0.07	0.03	0.02	135840	0	d762f420603744a356888f309bebd3936aaf4daf2a6a915d46c15529821f22b6	state_row_scaling_timeSeriesLaggedLinearRegression_1000_4_1_1
row_scaling	timeSeriesLaggedLinearRegression	1000	order	4	1	1000	1	16053	16.053000	0.06	0.04	0.01	135520	0	d762f420603744a356888f309bebd3936aaf4daf2a6a915d46c15529821f22b6	state_row_scaling_timeSeriesLaggedLinearRegression_1000_4_1_2
row_scaling	timeSeriesLaggedLinearRegression	1000	order	4	1	1000	1	16053	16.053000	0.08	0.04	0.02	135520	0	d762f420603744a356888f309bebd3936aaf4daf2a6a915d46c15529821f22b6	state_row_scaling_timeSeriesLaggedLinearRegression_1000_4_1_3
row_scaling	timeSeriesLaggedLinearRegression	1000	order	4	4	1000	4	16212	16.212000	0.07	0.04	0.02	135200	0	5cb1673e0ed5c96e24722a9f824a902c79e38ddd4df35c6fd3743feeb06bfb1e	state_row_scaling_timeSeriesLaggedLinearRegression_1000_4_4_1
row_scaling	timeSeriesLaggedLinearRegression	1000	order	4	4	1000	4	16212	16.212000	0.07	0.05	0.01	135680	0	5cb1673e0ed5c96e24722a9f824a902c79e38ddd4df35c6fd3743feeb06bfb1e	state_row_scaling_timeSeriesLaggedLinearRegression_1000_4_4_2
row_scaling	timeSeriesLaggedLinearRegression	1000	order	4	4	1000	4	16212	16.212000	0.06	0.04	0.02	135040	0	5cb1673e0ed5c96e24722a9f824a902c79e38ddd4df35c6fd3743feeb06bfb1e	state_row_scaling_timeSeriesLaggedLinearRegression_1000_4_4_3
row_scaling	timeSeriesLaggedLinearRegression	1000	order	4	16	1000	16	16848	16.848000	0.07	0.04	0.02	135092	0	bfa78d815ecf61483ac0fabef05219cb6b5ebccb291d3c9aab38fa0cc2b0aa97	state_row_scaling_timeSeriesLaggedLinearRegression_1000_4_16_1
row_scaling	timeSeriesLaggedLinearRegression	1000	order	4	16	1000	16	16848	16.848000	0.06	0.03	0.02	134816	0	bfa78d815ecf61483ac0fabef05219cb6b5ebccb291d3c9aab38fa0cc2b0aa97	state_row_scaling_timeSeriesLaggedLinearRegression_1000_4_16_2
row_scaling	timeSeriesLaggedLinearRegression	1000	order	4	16	1000	16	16848	16.848000	0.06	0.04	0.01	136320	0	bfa78d815ecf61483ac0fabef05219cb6b5ebccb291d3c9aab38fa0cc2b0aa97	state_row_scaling_timeSeriesLaggedLinearRegression_1000_4_16_3
row_scaling	timeSeriesLaggedLinearRegression	10000	order	4	1	10000	1	160053	16.005300	0.06	0.03	0.02	135952	0	ee4083b6e78e948868d10cf16c285f153aea8903b7be4de546050573fb83189b	state_row_scaling_timeSeriesLaggedLinearRegression_10000_4_1_1
row_scaling	timeSeriesLaggedLinearRegression	10000	order	4	1	10000	1	160053	16.005300	0.06	0.04	0.01	135952	0	ee4083b6e78e948868d10cf16c285f153aea8903b7be4de546050573fb83189b	state_row_scaling_timeSeriesLaggedLinearRegression_10000_4_1_2
row_scaling	timeSeriesLaggedLinearRegression	10000	order	4	1	10000	1	160053	16.005300	0.07	0.04	0.02	136272	0	ee4083b6e78e948868d10cf16c285f153aea8903b7be4de546050573fb83189b	state_row_scaling_timeSeriesLaggedLinearRegression_10000_4_1_3
row_scaling	timeSeriesLaggedLinearRegression	10000	order	4	4	10000	4	160212	16.021200	0.07	0.03	0.03	135888	0	41697f5425ca2ac1832229a4f376b7ac93ceb5bcc09ddca5be6231d933dbbef7	state_row_scaling_timeSeriesLaggedLinearRegression_10000_4_4_1
row_scaling	timeSeriesLaggedLinearRegression	10000	order	4	4	10000	4	160212	16.021200	0.09	0.05	0.02	135884	0	41697f5425ca2ac1832229a4f376b7ac93ceb5bcc09ddca5be6231d933dbbef7	state_row_scaling_timeSeriesLaggedLinearRegression_10000_4_4_2
row_scaling	timeSeriesLaggedLinearRegression	10000	order	4	4	10000	4	160212	16.021200	0.09	0.05	0.03	135248	0	41697f5425ca2ac1832229a4f376b7ac93ceb5bcc09ddca5be6231d933dbbef7	state_row_scaling_timeSeriesLaggedLinearRegression_10000_4_4_3
row_scaling	timeSeriesLaggedLinearRegression	10000	order	4	16	10000	16	160848	16.084800	0.11	0.06	0.02	135776	0	88b65d406bbc699ed45f329eb7b148b396efdcf113a7a4cf9b09f5a264b1fc42	state_row_scaling_timeSeriesLaggedLinearRegression_10000_4_16_1
row_scaling	timeSeriesLaggedLinearRegression	10000	order	4	16	10000	16	160848	16.084800	0.09	0.04	0.04	135864	0	88b65d406bbc699ed45f329eb7b148b396efdcf113a7a4cf9b09f5a264b1fc42	state_row_scaling_timeSeriesLaggedLinearRegression_10000_4_16_2
row_scaling	timeSeriesLaggedLinearRegression	10000	order	4	16	10000	16	160848	16.084800	0.11	0.06	0.03	135864	0	88b65d406bbc699ed45f329eb7b148b396efdcf113a7a4cf9b09f5a264b1fc42	state_row_scaling_timeSeriesLaggedLinearRegression_10000_4_16_3
row_scaling	timeSeriesLaggedLinearRegression	100000	order	4	1	100000	1	1600053	16.000530	0.10	0.06	0.03	140016	0	af787f07ec0b3dc9bfa3d1705d17a6ae5deb263997068229fb34bc5fd2a58125	state_row_scaling_timeSeriesLaggedLinearRegression_100000_4_1_1
row_scaling	timeSeriesLaggedLinearRegression	100000	order	4	1	100000	1	1600053	16.000530	0.11	0.07	0.03	140264	0	af787f07ec0b3dc9bfa3d1705d17a6ae5deb263997068229fb34bc5fd2a58125	state_row_scaling_timeSeriesLaggedLinearRegression_100000_4_1_2
row_scaling	timeSeriesLaggedLinearRegression	100000	order	4	1	100000	1	1600053	16.000530	0.10	0.06	0.03	140744	0	af787f07ec0b3dc9bfa3d1705d17a6ae5deb263997068229fb34bc5fd2a58125	state_row_scaling_timeSeriesLaggedLinearRegression_100000_4_1_3
row_scaling	timeSeriesLaggedLinearRegression	100000	order	4	4	100000	4	1600212	16.002120	0.11	0.07	0.02	139064	0	c796333af1005ceb2eb5a1eb245282d37a54e565ce53dc3b9ab0705d525412ca	state_row_scaling_timeSeriesLaggedLinearRegression_100000_4_4_1
row_scaling	timeSeriesLaggedLinearRegression	100000	order	4	4	100000	4	1600212	16.002120	0.10	0.07	0.02	139748	0	c796333af1005ceb2eb5a1eb245282d37a54e565ce53dc3b9ab0705d525412ca	state_row_scaling_timeSeriesLaggedLinearRegression_100000_4_4_2
row_scaling	timeSeriesLaggedLinearRegression	100000	order	4	4	100000	4	1600212	16.002120	0.12	0.05	0.04	138948	0	c796333af1005ceb2eb5a1eb245282d37a54e565ce53dc3b9ab0705d525412ca	state_row_scaling_timeSeriesLaggedLinearRegression_100000_4_4_3
row_scaling	timeSeriesLaggedLinearRegression	100000	order	4	16	100000	16	1600848	16.008480	0.10	0.05	0.03	139692	0	3067f36b5096af56639ca49f0ebcea0e4628ad5e61e2e26066c6cb4c0d6d5529	state_row_scaling_timeSeriesLaggedLinearRegression_100000_4_16_1
row_scaling	timeSeriesLaggedLinearRegression	100000	order	4	16	100000	16	1600848	16.008480	0.08	0.05	0.02	138888	0	3067f36b5096af56639ca49f0ebcea0e4628ad5e61e2e26066c6cb4c0d6d5529	state_row_scaling_timeSeriesLaggedLinearRegression_100000_4_16_2
row_scaling	timeSeriesLaggedLinearRegression	100000	order	4	16	100000	16	1600848	16.008480	0.10	0.06	0.00	139052	0	3067f36b5096af56639ca49f0ebcea0e4628ad5e61e2e26066c6cb4c0d6d5529	state_row_scaling_timeSeriesLaggedLinearRegression_100000_4_16_3
row_scaling	timeSeriesLaggedLinearRegression	1000000	order	4	1	1000000	1	16000053	16.000053	0.19	0.06	0.09	176500	0	6d7a5f4687ba9a178262a4def8d852611970a0f47bb116f6e661302e93201af9	state_row_scaling_timeSeriesLaggedLinearRegression_1000000_4_1_1
row_scaling	timeSeriesLaggedLinearRegression	1000000	order	4	1	1000000	1	16000053	16.000053	0.15	0.04	0.08	176336	0	6d7a5f4687ba9a178262a4def8d852611970a0f47bb116f6e661302e93201af9	state_row_scaling_timeSeriesLaggedLinearRegression_1000000_4_1_2
row_scaling	timeSeriesLaggedLinearRegression	1000000	order	4	1	1000000	1	16000053	16.000053	0.14	0.05	0.06	176120	0	6d7a5f4687ba9a178262a4def8d852611970a0f47bb116f6e661302e93201af9	state_row_scaling_timeSeriesLaggedLinearRegression_1000000_4_1_3
row_scaling	timeSeriesLaggedLinearRegression	1000000	order	4	4	1000000	4	16000212	16.000212	0.14	0.06	0.06	170084	0	8a9ef5faed7f44a1843a8d63051bc6e18c3ec6dfb063df00ab824d9c2c5fa6f7	state_row_scaling_timeSeriesLaggedLinearRegression_1000000_4_4_1
row_scaling	timeSeriesLaggedLinearRegression	1000000	order	4	4	1000000	4	16000212	16.000212	0.16	0.07	0.07	169612	0	8a9ef5faed7f44a1843a8d63051bc6e18c3ec6dfb063df00ab824d9c2c5fa6f7	state_row_scaling_timeSeriesLaggedLinearRegression_1000000_4_4_2
row_scaling	timeSeriesLaggedLinearRegression	1000000	order	4	4	1000000	4	16000212	16.000212	0.14	0.07	0.05	170092	0	8a9ef5faed7f44a1843a8d63051bc6e18c3ec6dfb063df00ab824d9c2c5fa6f7	state_row_scaling_timeSeriesLaggedLinearRegression_1000000_4_4_3
row_scaling	timeSeriesLaggedLinearRegression	1000000	order	4	16	1000000	16	16000848	16.000848	0.14	0.06	0.05	167528	0	8d18d9c1099b97ebc5ec052b3a6b26cfa0a23fa42fb3862135d0ac0b3ebc3644	state_row_scaling_timeSeriesLaggedLinearRegression_1000000_4_16_1
row_scaling	timeSeriesLaggedLinearRegression	1000000	order	4	16	1000000	16	16000848	16.000848	0.14	0.06	0.05	166976	0	8d18d9c1099b97ebc5ec052b3a6b26cfa0a23fa42fb3862135d0ac0b3ebc3644	state_row_scaling_timeSeriesLaggedLinearRegression_1000000_4_16_2
row_scaling	timeSeriesLaggedLinearRegression	1000000	order	4	16	1000000	16	16000848	16.000848	0.14	0.08	0.03	167368	0	8d18d9c1099b97ebc5ec052b3a6b26cfa0a23fa42fb3862135d0ac0b3ebc3644	state_row_scaling_timeSeriesLaggedLinearRegression_1000000_4_16_3
parameter_scaling	timeSeriesLaggedLinearRegression	100000	order	4	1	100000	1	1600053	16.000530	0.07	0.03	0.02	140744	0	af787f07ec0b3dc9bfa3d1705d17a6ae5deb263997068229fb34bc5fd2a58125	state_parameter_scaling_timeSeriesLaggedLinearRegression_100000_4_1_1
parameter_scaling	timeSeriesLaggedLinearRegression	100000	order	4	1	100000	1	1600053	16.000530	0.09	0.05	0.02	140944	0	af787f07ec0b3dc9bfa3d1705d17a6ae5deb263997068229fb34bc5fd2a58125	state_parameter_scaling_timeSeriesLaggedLinearRegression_100000_4_1_2
parameter_scaling	timeSeriesLaggedLinearRegression	100000	order	4	1	100000	1	1600053	16.000530	0.07	0.04	0.02	140744	0	af787f07ec0b3dc9bfa3d1705d17a6ae5deb263997068229fb34bc5fd2a58125	state_parameter_scaling_timeSeriesLaggedLinearRegression_100000_4_1_3
parameter_scaling	timeSeriesLaggedLinearRegression	100000	order	4	4	100000	4	1600212	16.002120	0.07	0.04	0.02	138948	0	c796333af1005ceb2eb5a1eb245282d37a54e565ce53dc3b9ab0705d525412ca	state_parameter_scaling_timeSeriesLaggedLinearRegression_100000_4_4_1
parameter_scaling	timeSeriesLaggedLinearRegression	100000	order	4	4	100000	4	1600212	16.002120	0.08	0.04	0.02	139784	0	c796333af1005ceb2eb5a1eb245282d37a54e565ce53dc3b9ab0705d525412ca	state_parameter_scaling_timeSeriesLaggedLinearRegression_100000_4_4_2
parameter_scaling	timeSeriesLaggedLinearRegression	100000	order	4	4	100000	4	1600212	16.002120	0.07	0.04	0.02	138948	0	c796333af1005ceb2eb5a1eb245282d37a54e565ce53dc3b9ab0705d525412ca	state_parameter_scaling_timeSeriesLaggedLinearRegression_100000_4_4_3
parameter_scaling	timeSeriesLaggedLinearRegression	100000	order	4	16	100000	16	1600848	16.008480	0.07	0.05	0.01	139212	0	3067f36b5096af56639ca49f0ebcea0e4628ad5e61e2e26066c6cb4c0d6d5529	state_parameter_scaling_timeSeriesLaggedLinearRegression_100000_4_16_1
parameter_scaling	timeSeriesLaggedLinearRegression	100000	order	4	16	100000	16	1600848	16.008480	0.07	0.03	0.02	139528	0	3067f36b5096af56639ca49f0ebcea0e4628ad5e61e2e26066c6cb4c0d6d5529	state_parameter_scaling_timeSeriesLaggedLinearRegression_100000_4_16_2
parameter_scaling	timeSeriesLaggedLinearRegression	100000	order	4	16	100000	16	1600848	16.008480	0.07	0.04	0.02	139692	0	3067f36b5096af56639ca49f0ebcea0e4628ad5e61e2e26066c6cb4c0d6d5529	state_parameter_scaling_timeSeriesLaggedLinearRegression_100000_4_16_3
parameter_scaling	timeSeriesLaggedLinearRegression	100000	order	4	64	100000	64	1603392	16.033920	0.08	0.04	0.02	139856	0	c7599d5ce133725c4f85a3ef4d263fe389d0c116053205b6acd6c2dcf9e18de7	state_parameter_scaling_timeSeriesLaggedLinearRegression_100000_4_64_1
parameter_scaling	timeSeriesLaggedLinearRegression	100000	order	4	64	100000	64	1603392	16.033920	0.07	0.03	0.03	139536	0	c7599d5ce133725c4f85a3ef4d263fe389d0c116053205b6acd6c2dcf9e18de7	state_parameter_scaling_timeSeriesLaggedLinearRegression_100000_4_64_2
parameter_scaling	timeSeriesLaggedLinearRegression	100000	order	4	64	100000	64	1603392	16.033920	0.07	0.04	0.02	139860	0	c7599d5ce133725c4f85a3ef4d263fe389d0c116053205b6acd6c2dcf9e18de7	state_parameter_scaling_timeSeriesLaggedLinearRegression_100000_4_64_3
row_scaling	timeSeriesADFStatistic	1000	augmentation_lags	2	1	1000	1	16053	16.053000	0.07	0.04	0.01	136000	0	85ddae3c3beb511ebde727a973c76d2bf3bbe402831a45e27783473b68f1f387	state_row_scaling_timeSeriesADFStatistic_1000_2_1_1
row_scaling	timeSeriesADFStatistic	1000	augmentation_lags	2	1	1000	1	16053	16.053000	0.08	0.05	0.02	135840	0	85ddae3c3beb511ebde727a973c76d2bf3bbe402831a45e27783473b68f1f387	state_row_scaling_timeSeriesADFStatistic_1000_2_1_2
row_scaling	timeSeriesADFStatistic	1000	augmentation_lags	2	1	1000	1	16053	16.053000	0.07	0.03	0.02	135840	0	85ddae3c3beb511ebde727a973c76d2bf3bbe402831a45e27783473b68f1f387	state_row_scaling_timeSeriesADFStatistic_1000_2_1_3
row_scaling	timeSeriesADFStatistic	1000	augmentation_lags	2	4	1000	4	16212	16.212000	0.07	0.04	0.02	136000	0	a400335db36deace4b859958f12d4c1485152273e367247d2a100d635ac626ad	state_row_scaling_timeSeriesADFStatistic_1000_2_4_1
row_scaling	timeSeriesADFStatistic	1000	augmentation_lags	2	4	1000	4	16212	16.212000	0.07	0.04	0.02	135840	0	a400335db36deace4b859958f12d4c1485152273e367247d2a100d635ac626ad	state_row_scaling_timeSeriesADFStatistic_1000_2_4_2
row_scaling	timeSeriesADFStatistic	1000	augmentation_lags	2	4	1000	4	16212	16.212000	0.07	0.03	0.03	135360	0	a400335db36deace4b859958f12d4c1485152273e367247d2a100d635ac626ad	state_row_scaling_timeSeriesADFStatistic_1000_2_4_3
row_scaling	timeSeriesADFStatistic	1000	augmentation_lags	2	16	1000	16	16848	16.848000	0.06	0.04	0.01	135360	0	95b8249e6e423e4d41a54667124be9e4a175d0981241905dcfc865c437cfb84b	state_row_scaling_timeSeriesADFStatistic_1000_2_16_1
row_scaling	timeSeriesADFStatistic	1000	augmentation_lags	2	16	1000	16	16848	16.848000	0.07	0.04	0.01	135732	0	95b8249e6e423e4d41a54667124be9e4a175d0981241905dcfc865c437cfb84b	state_row_scaling_timeSeriesADFStatistic_1000_2_16_2
row_scaling	timeSeriesADFStatistic	1000	augmentation_lags	2	16	1000	16	16848	16.848000	0.07	0.03	0.03	135840	0	95b8249e6e423e4d41a54667124be9e4a175d0981241905dcfc865c437cfb84b	state_row_scaling_timeSeriesADFStatistic_1000_2_16_3
row_scaling	timeSeriesADFStatistic	10000	augmentation_lags	2	1	10000	1	160053	16.005300	0.07	0.04	0.02	135984	0	2cb51f36931aa903cfa1f80a42ba9b82bd3c113b5f2c95bdf3565003cf67d283	state_row_scaling_timeSeriesADFStatistic_10000_2_1_1
row_scaling	timeSeriesADFStatistic	10000	augmentation_lags	2	1	10000	1	160053	16.005300	0.08	0.04	0.02	135948	0	2cb51f36931aa903cfa1f80a42ba9b82bd3c113b5f2c95bdf3565003cf67d283	state_row_scaling_timeSeriesADFStatistic_10000_2_1_2
row_scaling	timeSeriesADFStatistic	10000	augmentation_lags	2	1	10000	1	160053	16.005300	0.07	0.04	0.01	136112	0	2cb51f36931aa903cfa1f80a42ba9b82bd3c113b5f2c95bdf3565003cf67d283	state_row_scaling_timeSeriesADFStatistic_10000_2_1_3
row_scaling	timeSeriesADFStatistic	10000	augmentation_lags	2	4	10000	4	160212	16.021200	0.07	0.04	0.01	135044	0	7948bc49c8ef24cdc8583c2fbe0558f675d0f1cce07353d15e29022508c4a06b	state_row_scaling_timeSeriesADFStatistic_10000_2_4_1
row_scaling	timeSeriesADFStatistic	10000	augmentation_lags	2	4	10000	4	160212	16.021200	0.09	0.04	0.03	135244	0	7948bc49c8ef24cdc8583c2fbe0558f675d0f1cce07353d15e29022508c4a06b	state_row_scaling_timeSeriesADFStatistic_10000_2_4_2
row_scaling	timeSeriesADFStatistic	10000	augmentation_lags	2	4	10000	4	160212	16.021200	0.07	0.04	0.02	135192	0	7948bc49c8ef24cdc8583c2fbe0558f675d0f1cce07353d15e29022508c4a06b	state_row_scaling_timeSeriesADFStatistic_10000_2_4_3
row_scaling	timeSeriesADFStatistic	10000	augmentation_lags	2	16	10000	16	160848	16.084800	0.08	0.03	0.03	136184	0	628af758810889e391b0e429bc2555a05ea8ec1aa68a7b06fe06ee1238c75e78	state_row_scaling_timeSeriesADFStatistic_10000_2_16_1
row_scaling	timeSeriesADFStatistic	10000	augmentation_lags	2	16	10000	16	160848	16.084800	0.08	0.04	0.02	135384	0	628af758810889e391b0e429bc2555a05ea8ec1aa68a7b06fe06ee1238c75e78	state_row_scaling_timeSeriesADFStatistic_10000_2_16_2
row_scaling	timeSeriesADFStatistic	10000	augmentation_lags	2	16	10000	16	160848	16.084800	0.08	0.04	0.01	135384	0	628af758810889e391b0e429bc2555a05ea8ec1aa68a7b06fe06ee1238c75e78	state_row_scaling_timeSeriesADFStatistic_10000_2_16_3
row_scaling	timeSeriesADFStatistic	100000	augmentation_lags	2	1	100000	1	1600053	16.000530	0.10	0.06	0.02	140312	0	35736c5608127422b37cc0eca6a79c9aade463c3e8aa84c7fc3153606b0224ba	state_row_scaling_timeSeriesADFStatistic_100000_2_1_1
row_scaling	timeSeriesADFStatistic	100000	augmentation_lags	2	1	100000	1	1600053	16.000530	0.08	0.05	0.02	140460	0	35736c5608127422b37cc0eca6a79c9aade463c3e8aa84c7fc3153606b0224ba	state_row_scaling_timeSeriesADFStatistic_100000_2_1_2
row_scaling	timeSeriesADFStatistic	100000	augmentation_lags	2	1	100000	1	1600053	16.000530	0.07	0.02	0.04	140116	0	35736c5608127422b37cc0eca6a79c9aade463c3e8aa84c7fc3153606b0224ba	state_row_scaling_timeSeriesADFStatistic_100000_2_1_3
row_scaling	timeSeriesADFStatistic	100000	augmentation_lags	2	4	100000	4	1600212	16.002120	0.08	0.03	0.03	139932	0	33c09b0407ca08b16e3960be90c02a9b24c9ebb3e863a5ff9c9284f086a45e5b	state_row_scaling_timeSeriesADFStatistic_100000_2_4_1
row_scaling	timeSeriesADFStatistic	100000	augmentation_lags	2	4	100000	4	1600212	16.002120	0.08	0.05	0.01	139428	0	33c09b0407ca08b16e3960be90c02a9b24c9ebb3e863a5ff9c9284f086a45e5b	state_row_scaling_timeSeriesADFStatistic_100000_2_4_2
row_scaling	timeSeriesADFStatistic	100000	augmentation_lags	2	4	100000	4	1600212	16.002120	0.08	0.05	0.02	139780	0	33c09b0407ca08b16e3960be90c02a9b24c9ebb3e863a5ff9c9284f086a45e5b	state_row_scaling_timeSeriesADFStatistic_100000_2_4_3
row_scaling	timeSeriesADFStatistic	100000	augmentation_lags	2	16	100000	16	1600848	16.008480	0.07	0.04	0.01	139212	0	a3a51826dd4bc79bb3cd2598c3373181f900c3ca5e19dd1e36f16541eacfa8df	state_row_scaling_timeSeriesADFStatistic_100000_2_16_1
row_scaling	timeSeriesADFStatistic	100000	augmentation_lags	2	16	100000	16	1600848	16.008480	0.08	0.03	0.03	139048	0	a3a51826dd4bc79bb3cd2598c3373181f900c3ca5e19dd1e36f16541eacfa8df	state_row_scaling_timeSeriesADFStatistic_100000_2_16_2
row_scaling	timeSeriesADFStatistic	100000	augmentation_lags	2	16	100000	16	1600848	16.008480	0.07	0.03	0.03	139532	0	a3a51826dd4bc79bb3cd2598c3373181f900c3ca5e19dd1e36f16541eacfa8df	state_row_scaling_timeSeriesADFStatistic_100000_2_16_3
row_scaling	timeSeriesADFStatistic	1000000	augmentation_lags	2	1	1000000	1	16000053	16.000053	0.14	0.06	0.07	176604	0	74a2a87f16bea21a6c5e3e6b2e61f280df61562f1d2a3b928be1b8286d1a59dc	state_row_scaling_timeSeriesADFStatistic_1000000_2_1_1
row_scaling	timeSeriesADFStatistic	1000000	augmentation_lags	2	1	1000000	1	16000053	16.000053	0.13	0.07	0.04	176592	0	74a2a87f16bea21a6c5e3e6b2e61f280df61562f1d2a3b928be1b8286d1a59dc	state_row_scaling_timeSeriesADFStatistic_1000000_2_1_2
row_scaling	timeSeriesADFStatistic	1000000	augmentation_lags	2	1	1000000	1	16000053	16.000053	0.14	0.05	0.06	175804	0	74a2a87f16bea21a6c5e3e6b2e61f280df61562f1d2a3b928be1b8286d1a59dc	state_row_scaling_timeSeriesADFStatistic_1000000_2_1_3
row_scaling	timeSeriesADFStatistic	1000000	augmentation_lags	2	4	1000000	4	16000212	16.000212	0.13	0.07	0.03	170728	0	7ff5e7b9a0dd84ef8955ba02f8509729b58ccf25ae66337c12c488861b9855e6	state_row_scaling_timeSeriesADFStatistic_1000000_2_4_1
row_scaling	timeSeriesADFStatistic	1000000	augmentation_lags	2	4	1000000	4	16000212	16.000212	0.13	0.05	0.05	170564	0	7ff5e7b9a0dd84ef8955ba02f8509729b58ccf25ae66337c12c488861b9855e6	state_row_scaling_timeSeriesADFStatistic_1000000_2_4_2
row_scaling	timeSeriesADFStatistic	1000000	augmentation_lags	2	4	1000000	4	16000212	16.000212	0.13	0.05	0.05	170092	0	7ff5e7b9a0dd84ef8955ba02f8509729b58ccf25ae66337c12c488861b9855e6	state_row_scaling_timeSeriesADFStatistic_1000000_2_4_3
row_scaling	timeSeriesADFStatistic	1000000	augmentation_lags	2	16	1000000	16	16000848	16.000848	0.13	0.06	0.04	166644	0	ca9f42da016f6102c9e0fdf1f7c78dc33f0f7676986e02a9c19d7e171e4b78af	state_row_scaling_timeSeriesADFStatistic_1000000_2_16_1
row_scaling	timeSeriesADFStatistic	1000000	augmentation_lags	2	16	1000000	16	16000848	16.000848	0.16	0.07	0.06	166988	0	ca9f42da016f6102c9e0fdf1f7c78dc33f0f7676986e02a9c19d7e171e4b78af	state_row_scaling_timeSeriesADFStatistic_1000000_2_16_2
row_scaling	timeSeriesADFStatistic	1000000	augmentation_lags	2	16	1000000	16	16000848	16.000848	0.14	0.08	0.03	167368	0	ca9f42da016f6102c9e0fdf1f7c78dc33f0f7676986e02a9c19d7e171e4b78af	state_row_scaling_timeSeriesADFStatistic_1000000_2_16_3
parameter_scaling	timeSeriesADFStatistic	100000	augmentation_lags	2	1	100000	1	1600053	16.000530	0.08	0.05	0.02	140624	0	35736c5608127422b37cc0eca6a79c9aade463c3e8aa84c7fc3153606b0224ba	state_parameter_scaling_timeSeriesADFStatistic_100000_2_1_1
parameter_scaling	timeSeriesADFStatistic	100000	augmentation_lags	2	1	100000	1	1600053	16.000530	0.07	0.04	0.02	140176	0	35736c5608127422b37cc0eca6a79c9aade463c3e8aa84c7fc3153606b0224ba	state_parameter_scaling_timeSeriesADFStatistic_100000_2_1_2
parameter_scaling	timeSeriesADFStatistic	100000	augmentation_lags	2	1	100000	1	1600053	16.000530	0.08	0.05	0.01	140172	0	35736c5608127422b37cc0eca6a79c9aade463c3e8aa84c7fc3153606b0224ba	state_parameter_scaling_timeSeriesADFStatistic_100000_2_1_3
parameter_scaling	timeSeriesADFStatistic	100000	augmentation_lags	2	4	100000	4	1600212	16.002120	0.08	0.04	0.03	139780	0	33c09b0407ca08b16e3960be90c02a9b24c9ebb3e863a5ff9c9284f086a45e5b	state_parameter_scaling_timeSeriesADFStatistic_100000_2_4_1
parameter_scaling	timeSeriesADFStatistic	100000	augmentation_lags	2	4	100000	4	1600212	16.002120	0.10	0.06	0.01	139744	0	33c09b0407ca08b16e3960be90c02a9b24c9ebb3e863a5ff9c9284f086a45e5b	state_parameter_scaling_timeSeriesADFStatistic_100000_2_4_2
parameter_scaling	timeSeriesADFStatistic	100000	augmentation_lags	2	4	100000	4	1600212	16.002120	0.10	0.06	0.03	139160	0	33c09b0407ca08b16e3960be90c02a9b24c9ebb3e863a5ff9c9284f086a45e5b	state_parameter_scaling_timeSeriesADFStatistic_100000_2_4_3
parameter_scaling	timeSeriesADFStatistic	100000	augmentation_lags	2	16	100000	16	1600848	16.008480	0.08	0.04	0.03	139852	0	a3a51826dd4bc79bb3cd2598c3373181f900c3ca5e19dd1e36f16541eacfa8df	state_parameter_scaling_timeSeriesADFStatistic_100000_2_16_1
parameter_scaling	timeSeriesADFStatistic	100000	augmentation_lags	2	16	100000	16	1600848	16.008480	0.08	0.03	0.03	139688	0	a3a51826dd4bc79bb3cd2598c3373181f900c3ca5e19dd1e36f16541eacfa8df	state_parameter_scaling_timeSeriesADFStatistic_100000_2_16_2
parameter_scaling	timeSeriesADFStatistic	100000	augmentation_lags	2	16	100000	16	1600848	16.008480	0.08	0.05	0.02	139532	0	a3a51826dd4bc79bb3cd2598c3373181f900c3ca5e19dd1e36f16541eacfa8df	state_parameter_scaling_timeSeriesADFStatistic_100000_2_16_3
parameter_scaling	timeSeriesADFStatistic	100000	augmentation_lags	2	64	100000	64	1603392	16.033920	0.08	0.03	0.04	139220	0	e7960b96ea577b0ef39acfa679a4d47a2697e29dbccffa9b7d4d1c0c7313b734	state_parameter_scaling_timeSeriesADFStatistic_100000_2_64_1
parameter_scaling	timeSeriesADFStatistic	100000	augmentation_lags	2	64	100000	64	1603392	16.033920	0.07	0.05	0.01	139060	0	e7960b96ea577b0ef39acfa679a4d47a2697e29dbccffa9b7d4d1c0c7313b734	state_parameter_scaling_timeSeriesADFStatistic_100000_2_64_2
parameter_scaling	timeSeriesADFStatistic	100000	augmentation_lags	2	64	100000	64	1603392	16.033920	0.07	0.05	0.01	139220	0	e7960b96ea577b0ef39acfa679a4d47a2697e29dbccffa9b7d4d1c0c7313b734	state_parameter_scaling_timeSeriesADFStatistic_100000_2_64_3
row_scaling	timeSeriesKPSSTest	1000	bandwidth	8	1	1000	1	16053	16.053000	0.07	0.04	0.01	135840	0	84e5ed2b8c83820741cd7617030ecb92da3e9a1a8521962f7c5d9d1fc6858401	state_row_scaling_timeSeriesKPSSTest_1000_8_1_1
row_scaling	timeSeriesKPSSTest	1000	bandwidth	8	1	1000	1	16053	16.053000	0.07	0.04	0.01	136320	0	84e5ed2b8c83820741cd7617030ecb92da3e9a1a8521962f7c5d9d1fc6858401	state_row_scaling_timeSeriesKPSSTest_1000_8_1_2
row_scaling	timeSeriesKPSSTest	1000	bandwidth	8	1	1000	1	16053	16.053000	0.06	0.04	0.01	135360	0	84e5ed2b8c83820741cd7617030ecb92da3e9a1a8521962f7c5d9d1fc6858401	state_row_scaling_timeSeriesKPSSTest_1000_8_1_3
row_scaling	timeSeriesKPSSTest	1000	bandwidth	8	4	1000	4	16212	16.212000	0.07	0.03	0.02	135840	0	0ef74a18071bbcb4c6e9cc862b10140326dd4cb3e1f1147ab952dd6857b7c8ce	state_row_scaling_timeSeriesKPSSTest_1000_8_4_1
row_scaling	timeSeriesKPSSTest	1000	bandwidth	8	4	1000	4	16212	16.212000	0.07	0.04	0.01	135360	0	0ef74a18071bbcb4c6e9cc862b10140326dd4cb3e1f1147ab952dd6857b7c8ce	state_row_scaling_timeSeriesKPSSTest_1000_8_4_2
row_scaling	timeSeriesKPSSTest	1000	bandwidth	8	4	1000	4	16212	16.212000	0.07	0.05	0.01	135840	0	0ef74a18071bbcb4c6e9cc862b10140326dd4cb3e1f1147ab952dd6857b7c8ce	state_row_scaling_timeSeriesKPSSTest_1000_8_4_3
row_scaling	timeSeriesKPSSTest	1000	bandwidth	8	16	1000	16	16848	16.848000	0.07	0.05	0.01	135360	0	f84f4a77a85d13aedd8e13760e292b5c90074534c6a5185e39169e4351be669b	state_row_scaling_timeSeriesKPSSTest_1000_8_16_1
row_scaling	timeSeriesKPSSTest	1000	bandwidth	8	16	1000	16	16848	16.848000	0.08	0.05	0.02	135516	0	f84f4a77a85d13aedd8e13760e292b5c90074534c6a5185e39169e4351be669b	state_row_scaling_timeSeriesKPSSTest_1000_8_16_2
row_scaling	timeSeriesKPSSTest	1000	bandwidth	8	16	1000	16	16848	16.848000	0.07	0.03	0.03	136372	0	f84f4a77a85d13aedd8e13760e292b5c90074534c6a5185e39169e4351be669b	state_row_scaling_timeSeriesKPSSTest_1000_8_16_3
row_scaling	timeSeriesKPSSTest	10000	bandwidth	8	1	10000	1	160053	16.005300	0.07	0.04	0.02	136000	0	78ecb943c542356745668b18e4f32c73b7cc96b8f3ff53ae262a6d79fa449f15	state_row_scaling_timeSeriesKPSSTest_10000_8_1_1
row_scaling	timeSeriesKPSSTest	10000	bandwidth	8	1	10000	1	160053	16.005300	0.07	0.05	0.01	135472	0	78ecb943c542356745668b18e4f32c73b7cc96b8f3ff53ae262a6d79fa449f15	state_row_scaling_timeSeriesKPSSTest_10000_8_1_2
row_scaling	timeSeriesKPSSTest	10000	bandwidth	8	1	10000	1	160053	16.005300	0.06	0.05	0.00	136068	0	78ecb943c542356745668b18e4f32c73b7cc96b8f3ff53ae262a6d79fa449f15	state_row_scaling_timeSeriesKPSSTest_10000_8_1_3
row_scaling	timeSeriesKPSSTest	10000	bandwidth	8	4	10000	4	160212	16.021200	0.07	0.04	0.02	136004	0	22a95b99056ad3a338ff5a3c27150d1aecc9cbbc4b540af5de0f05a9c23d6581	state_row_scaling_timeSeriesKPSSTest_10000_8_4_1
row_scaling	timeSeriesKPSSTest	10000	bandwidth	8	4	10000	4	160212	16.021200	0.07	0.03	0.02	135884	0	22a95b99056ad3a338ff5a3c27150d1aecc9cbbc4b540af5de0f05a9c23d6581	state_row_scaling_timeSeriesKPSSTest_10000_8_4_2
row_scaling	timeSeriesKPSSTest	10000	bandwidth	8	4	10000	4	160212	16.021200	0.07	0.04	0.02	136044	0	22a95b99056ad3a338ff5a3c27150d1aecc9cbbc4b540af5de0f05a9c23d6581	state_row_scaling_timeSeriesKPSSTest_10000_8_4_3
row_scaling	timeSeriesKPSSTest	10000	bandwidth	8	16	10000	16	160848	16.084800	0.06	0.03	0.02	136344	0	0169ba2b9a5b213b3c294ba306a28d94bd9af8f16d7c78bb17105032be7a7d5a	state_row_scaling_timeSeriesKPSSTest_10000_8_16_1
row_scaling	timeSeriesKPSSTest	10000	bandwidth	8	16	10000	16	160848	16.084800	0.07	0.05	0.00	136020	0	0169ba2b9a5b213b3c294ba306a28d94bd9af8f16d7c78bb17105032be7a7d5a	state_row_scaling_timeSeriesKPSSTest_10000_8_16_2
row_scaling	timeSeriesKPSSTest	10000	bandwidth	8	16	10000	16	160848	16.084800	0.07	0.03	0.02	136024	0	0169ba2b9a5b213b3c294ba306a28d94bd9af8f16d7c78bb17105032be7a7d5a	state_row_scaling_timeSeriesKPSSTest_10000_8_16_3
row_scaling	timeSeriesKPSSTest	100000	bandwidth	8	1	100000	1	1600053	16.000530	0.07	0.04	0.02	140616	0	55db1a5e4e27d1d1bdedba38d3215e002339358dc00a3c39a02795ee7d7d7253	state_row_scaling_timeSeriesKPSSTest_100000_8_1_1
row_scaling	timeSeriesKPSSTest	100000	bandwidth	8	1	100000	1	1600053	16.000530	0.07	0.05	0.01	140468	0	55db1a5e4e27d1d1bdedba38d3215e002339358dc00a3c39a02795ee7d7d7253	state_row_scaling_timeSeriesKPSSTest_100000_8_1_2
row_scaling	timeSeriesKPSSTest	100000	bandwidth	8	1	100000	1	1600053	16.000530	0.07	0.05	0.01	140644	0	55db1a5e4e27d1d1bdedba38d3215e002339358dc00a3c39a02795ee7d7d7253	state_row_scaling_timeSeriesKPSSTest_100000_8_1_3
row_scaling	timeSeriesKPSSTest	100000	bandwidth	8	4	100000	4	1600212	16.002120	0.07	0.04	0.02	139496	0	c3117f62661e9bf977c55a24cf53b78baebbff9cce74fa1e699b7ac23e3e0b52	state_row_scaling_timeSeriesKPSSTest_100000_8_4_1
row_scaling	timeSeriesKPSSTest	100000	bandwidth	8	4	100000	4	1600212	16.002120	0.10	0.04	0.02	139420	0	c3117f62661e9bf977c55a24cf53b78baebbff9cce74fa1e699b7ac23e3e0b52	state_row_scaling_timeSeriesKPSSTest_100000_8_4_2
row_scaling	timeSeriesKPSSTest	100000	bandwidth	8	4	100000	4	1600212	16.002120	0.07	0.02	0.04	139040	0	c3117f62661e9bf977c55a24cf53b78baebbff9cce74fa1e699b7ac23e3e0b52	state_row_scaling_timeSeriesKPSSTest_100000_8_4_3
row_scaling	timeSeriesKPSSTest	100000	bandwidth	8	16	100000	16	1600848	16.008480	0.07	0.04	0.02	139532	0	b99e3b85a8b761de2cb13f960a196271c7f76a4e4bf3aed16528016018d1431a	state_row_scaling_timeSeriesKPSSTest_100000_8_16_1
row_scaling	timeSeriesKPSSTest	100000	bandwidth	8	16	100000	16	1600848	16.008480	0.08	0.03	0.03	139852	0	b99e3b85a8b761de2cb13f960a196271c7f76a4e4bf3aed16528016018d1431a	state_row_scaling_timeSeriesKPSSTest_100000_8_16_2
row_scaling	timeSeriesKPSSTest	100000	bandwidth	8	16	100000	16	1600848	16.008480	0.07	0.05	0.02	139852	0	b99e3b85a8b761de2cb13f960a196271c7f76a4e4bf3aed16528016018d1431a	state_row_scaling_timeSeriesKPSSTest_100000_8_16_3
row_scaling	timeSeriesKPSSTest	1000000	bandwidth	8	1	1000000	1	16000053	16.000053	0.15	0.07	0.06	176768	0	f44eb992778d49538330e14de9adb29a732a8bdc1dddef8d85f8f0e50251ed2d	state_row_scaling_timeSeriesKPSSTest_1000000_8_1_1
row_scaling	timeSeriesKPSSTest	1000000	bandwidth	8	1	1000000	1	16000053	16.000053	0.14	0.06	0.05	176120	0	f44eb992778d49538330e14de9adb29a732a8bdc1dddef8d85f8f0e50251ed2d	state_row_scaling_timeSeriesKPSSTest_1000000_8_1_2
row_scaling	timeSeriesKPSSTest	1000000	bandwidth	8	1	1000000	1	16000053	16.000053	0.14	0.06	0.06	176124	0	f44eb992778d49538330e14de9adb29a732a8bdc1dddef8d85f8f0e50251ed2d	state_row_scaling_timeSeriesKPSSTest_1000000_8_1_3
row_scaling	timeSeriesKPSSTest	1000000	bandwidth	8	4	1000000	4	16000212	16.000212	0.13	0.06	0.05	169928	0	7ab1ec1ba02f4aa31ca0600b55b6876c4e061538d7f8974624b43a33da26a2ab	state_row_scaling_timeSeriesKPSSTest_1000000_8_4_1
row_scaling	timeSeriesKPSSTest	1000000	bandwidth	8	4	1000000	4	16000212	16.000212	0.13	0.07	0.04	170572	0	7ab1ec1ba02f4aa31ca0600b55b6876c4e061538d7f8974624b43a33da26a2ab	state_row_scaling_timeSeriesKPSSTest_1000000_8_4_2
row_scaling	timeSeriesKPSSTest	1000000	bandwidth	8	4	1000000	4	16000212	16.000212	0.21	0.06	0.09	170024	0	7ab1ec1ba02f4aa31ca0600b55b6876c4e061538d7f8974624b43a33da26a2ab	state_row_scaling_timeSeriesKPSSTest_1000000_8_4_3
row_scaling	timeSeriesKPSSTest	1000000	bandwidth	8	16	1000000	16	16000848	16.000848	0.13	0.07	0.04	166568	0	3e9e5614ee2ccdd33b5045630f1b472cdd5dd8b45338f1ad5eb3a305787ea404	state_row_scaling_timeSeriesKPSSTest_1000000_8_16_1
row_scaling	timeSeriesKPSSTest	1000000	bandwidth	8	16	1000000	16	16000848	16.000848	0.13	0.06	0.05	167392	0	3e9e5614ee2ccdd33b5045630f1b472cdd5dd8b45338f1ad5eb3a305787ea404	state_row_scaling_timeSeriesKPSSTest_1000000_8_16_2
row_scaling	timeSeriesKPSSTest	1000000	bandwidth	8	16	1000000	16	16000848	16.000848	0.17	0.07	0.07	167368	0	3e9e5614ee2ccdd33b5045630f1b472cdd5dd8b45338f1ad5eb3a305787ea404	state_row_scaling_timeSeriesKPSSTest_1000000_8_16_3
parameter_scaling	timeSeriesKPSSTest	100000	bandwidth	8	1	100000	1	1600053	16.000530	0.11	0.06	0.03	140796	0	55db1a5e4e27d1d1bdedba38d3215e002339358dc00a3c39a02795ee7d7d7253	state_parameter_scaling_timeSeriesKPSSTest_100000_8_1_1
parameter_scaling	timeSeriesKPSSTest	100000	bandwidth	8	1	100000	1	1600053	16.000530	0.09	0.06	0.02	140172	0	55db1a5e4e27d1d1bdedba38d3215e002339358dc00a3c39a02795ee7d7d7253	state_parameter_scaling_timeSeriesKPSSTest_100000_8_1_2
parameter_scaling	timeSeriesKPSSTest	100000	bandwidth	8	1	100000	1	1600053	16.000530	0.10	0.05	0.03	140860	0	55db1a5e4e27d1d1bdedba38d3215e002339358dc00a3c39a02795ee7d7d7253	state_parameter_scaling_timeSeriesKPSSTest_100000_8_1_3
parameter_scaling	timeSeriesKPSSTest	100000	bandwidth	8	4	100000	4	1600212	16.002120	0.10	0.05	0.03	139212	0	c3117f62661e9bf977c55a24cf53b78baebbff9cce74fa1e699b7ac23e3e0b52	state_parameter_scaling_timeSeriesKPSSTest_100000_8_4_1
parameter_scaling	timeSeriesKPSSTest	100000	bandwidth	8	4	100000	4	1600212	16.002120	0.10	0.05	0.04	139420	0	c3117f62661e9bf977c55a24cf53b78baebbff9cce74fa1e699b7ac23e3e0b52	state_parameter_scaling_timeSeriesKPSSTest_100000_8_4_2
parameter_scaling	timeSeriesKPSSTest	100000	bandwidth	8	4	100000	4	1600212	16.002120	0.11	0.05	0.03	139120	0	c3117f62661e9bf977c55a24cf53b78baebbff9cce74fa1e699b7ac23e3e0b52	state_parameter_scaling_timeSeriesKPSSTest_100000_8_4_3
parameter_scaling	timeSeriesKPSSTest	100000	bandwidth	8	16	100000	16	1600848	16.008480	0.09	0.05	0.03	139692	0	b99e3b85a8b761de2cb13f960a196271c7f76a4e4bf3aed16528016018d1431a	state_parameter_scaling_timeSeriesKPSSTest_100000_8_16_1
parameter_scaling	timeSeriesKPSSTest	100000	bandwidth	8	16	100000	16	1600848	16.008480	0.10	0.06	0.02	139852	0	b99e3b85a8b761de2cb13f960a196271c7f76a4e4bf3aed16528016018d1431a	state_parameter_scaling_timeSeriesKPSSTest_100000_8_16_2
parameter_scaling	timeSeriesKPSSTest	100000	bandwidth	8	16	100000	16	1600848	16.008480	0.10	0.05	0.03	139852	0	b99e3b85a8b761de2cb13f960a196271c7f76a4e4bf3aed16528016018d1431a	state_parameter_scaling_timeSeriesKPSSTest_100000_8_16_3
parameter_scaling	timeSeriesKPSSTest	100000	bandwidth	8	64	100000	64	1603392	16.033920	0.11	0.05	0.04	139700	0	bd5b2a14bab4fafd113bdd2690d77a55ea64bd9b5e5fa7ae398aac30348e5375	state_parameter_scaling_timeSeriesKPSSTest_100000_8_64_1
parameter_scaling	timeSeriesKPSSTest	100000	bandwidth	8	64	100000	64	1603392	16.033920	0.10	0.06	0.03	139856	0	bd5b2a14bab4fafd113bdd2690d77a55ea64bd9b5e5fa7ae398aac30348e5375	state_parameter_scaling_timeSeriesKPSSTest_100000_8_64_2
parameter_scaling	timeSeriesKPSSTest	100000	bandwidth	8	64	100000	64	1603392	16.033920	0.09	0.04	0.04	139216	0	bd5b2a14bab4fafd113bdd2690d77a55ea64bd9b5e5fa7ae398aac30348e5375	state_parameter_scaling_timeSeriesKPSSTest_100000_8_64_3
row_scaling	timeSeriesMeanShiftChangePoint	1000	min_segment	60	1	1000	1	16053	16.053000	0.09	0.04	0.03	136160	0	bb6f9e5d82592b7620b50866e9eead9ceeb9ed0773a9193a2f675458c0b4bdcb	state_row_scaling_timeSeriesMeanShiftChangePoint_1000_60_1_1
row_scaling	timeSeriesMeanShiftChangePoint	1000	min_segment	60	1	1000	1	16053	16.053000	0.09	0.05	0.02	135840	0	bb6f9e5d82592b7620b50866e9eead9ceeb9ed0773a9193a2f675458c0b4bdcb	state_row_scaling_timeSeriesMeanShiftChangePoint_1000_60_1_2
row_scaling	timeSeriesMeanShiftChangePoint	1000	min_segment	60	1	1000	1	16053	16.053000	0.10	0.05	0.02	135640	0	bb6f9e5d82592b7620b50866e9eead9ceeb9ed0773a9193a2f675458c0b4bdcb	state_row_scaling_timeSeriesMeanShiftChangePoint_1000_60_1_3
row_scaling	timeSeriesMeanShiftChangePoint	1000	min_segment	60	4	1000	4	16212	16.212000	0.09	0.06	0.01	135840	0	59df7ace288c9adf1f1ad6456325a0063e900d14fdd5401150698d4880f3b58c	state_row_scaling_timeSeriesMeanShiftChangePoint_1000_60_4_1
row_scaling	timeSeriesMeanShiftChangePoint	1000	min_segment	60	4	1000	4	16212	16.212000	0.11	0.05	0.02	135680	0	59df7ace288c9adf1f1ad6456325a0063e900d14fdd5401150698d4880f3b58c	state_row_scaling_timeSeriesMeanShiftChangePoint_1000_60_4_2
row_scaling	timeSeriesMeanShiftChangePoint	1000	min_segment	60	4	1000	4	16212	16.212000	0.12	0.05	0.03	135840	0	59df7ace288c9adf1f1ad6456325a0063e900d14fdd5401150698d4880f3b58c	state_row_scaling_timeSeriesMeanShiftChangePoint_1000_60_4_3
row_scaling	timeSeriesMeanShiftChangePoint	1000	min_segment	60	16	1000	16	16848	16.848000	0.09	0.03	0.04	135092	0	c43c6b3b52ad976ef3e3e71b2b758df6a92c907f672e060a93cb8065d90ddc2f	state_row_scaling_timeSeriesMeanShiftChangePoint_1000_60_16_1
row_scaling	timeSeriesMeanShiftChangePoint	1000	min_segment	60	16	1000	16	16848	16.848000	0.08	0.06	0.01	135520	0	c43c6b3b52ad976ef3e3e71b2b758df6a92c907f672e060a93cb8065d90ddc2f	state_row_scaling_timeSeriesMeanShiftChangePoint_1000_60_16_2
row_scaling	timeSeriesMeanShiftChangePoint	1000	min_segment	60	16	1000	16	16848	16.848000	0.11	0.06	0.01	135840	0	c43c6b3b52ad976ef3e3e71b2b758df6a92c907f672e060a93cb8065d90ddc2f	state_row_scaling_timeSeriesMeanShiftChangePoint_1000_60_16_3
row_scaling	timeSeriesMeanShiftChangePoint	10000	min_segment	60	1	10000	1	160053	16.005300	0.21	0.05	0.04	136120	0	c28054cea64237b14b4172b2207de5de52a4d83016ab26b5b8285c011fb693ab	state_row_scaling_timeSeriesMeanShiftChangePoint_10000_60_1_1
row_scaling	timeSeriesMeanShiftChangePoint	10000	min_segment	60	1	10000	1	160053	16.005300	0.12	0.04	0.04	135316	0	c28054cea64237b14b4172b2207de5de52a4d83016ab26b5b8285c011fb693ab	state_row_scaling_timeSeriesMeanShiftChangePoint_10000_60_1_2
row_scaling	timeSeriesMeanShiftChangePoint	10000	min_segment	60	1	10000	1	160053	16.005300	0.23	0.05	0.03	135840	0	c28054cea64237b14b4172b2207de5de52a4d83016ab26b5b8285c011fb693ab	state_row_scaling_timeSeriesMeanShiftChangePoint_10000_60_1_3
row_scaling	timeSeriesMeanShiftChangePoint	10000	min_segment	60	4	10000	4	160212	16.021200	0.09	0.05	0.03	135564	0	62240db999d186ddb152326efd94d31b94b6b99965025ba6f5ed7acb445790e9	state_row_scaling_timeSeriesMeanShiftChangePoint_10000_60_4_1
row_scaling	timeSeriesMeanShiftChangePoint	10000	min_segment	60	4	10000	4	160212	16.021200	0.09	0.04	0.03	135648	0	62240db999d186ddb152326efd94d31b94b6b99965025ba6f5ed7acb445790e9	state_row_scaling_timeSeriesMeanShiftChangePoint_10000_60_4_2
row_scaling	timeSeriesMeanShiftChangePoint	10000	min_segment	60	4	10000	4	160212	16.021200	0.09	0.05	0.03	135932	0	62240db999d186ddb152326efd94d31b94b6b99965025ba6f5ed7acb445790e9	state_row_scaling_timeSeriesMeanShiftChangePoint_10000_60_4_3
row_scaling	timeSeriesMeanShiftChangePoint	10000	min_segment	60	16	10000	16	160848	16.084800	0.09	0.06	0.02	135320	0	cbc969a14f182815b697d4f51d166c7b26821d5be606e4b0dff305c40e123e13	state_row_scaling_timeSeriesMeanShiftChangePoint_10000_60_16_1
row_scaling	timeSeriesMeanShiftChangePoint	10000	min_segment	60	16	10000	16	160848	16.084800	0.09	0.03	0.04	135548	0	cbc969a14f182815b697d4f51d166c7b26821d5be606e4b0dff305c40e123e13	state_row_scaling_timeSeriesMeanShiftChangePoint_10000_60_16_2
row_scaling	timeSeriesMeanShiftChangePoint	10000	min_segment	60	16	10000	16	160848	16.084800	0.09	0.06	0.02	135704	0	cbc969a14f182815b697d4f51d166c7b26821d5be606e4b0dff305c40e123e13	state_row_scaling_timeSeriesMeanShiftChangePoint_10000_60_16_3
row_scaling	timeSeriesMeanShiftChangePoint	100000	min_segment	60	1	100000	1	1600053	16.000530	0.09	0.05	0.03	140504	0	e08be2e32047ebdb09b203c1ba2509d0dfa9e6020952aab4445a011c5b8fb686	state_row_scaling_timeSeriesMeanShiftChangePoint_100000_60_1_1
row_scaling	timeSeriesMeanShiftChangePoint	100000	min_segment	60	1	100000	1	1600053	16.000530	0.23	0.04	0.04	140300	0	e08be2e32047ebdb09b203c1ba2509d0dfa9e6020952aab4445a011c5b8fb686	state_row_scaling_timeSeriesMeanShiftChangePoint_100000_60_1_2
row_scaling	timeSeriesMeanShiftChangePoint	100000	min_segment	60	1	100000	1	1600053	16.000530	0.11	0.05	0.05	139840	0	e08be2e32047ebdb09b203c1ba2509d0dfa9e6020952aab4445a011c5b8fb686	state_row_scaling_timeSeriesMeanShiftChangePoint_100000_60_1_3
row_scaling	timeSeriesMeanShiftChangePoint	100000	min_segment	60	4	100000	4	1600212	16.002120	0.10	0.05	0.03	139148	0	6d91b7714f16b8542c869955718633086346d4e84f12387087ba7f8affb95cbf	state_row_scaling_timeSeriesMeanShiftChangePoint_100000_60_4_1
row_scaling	timeSeriesMeanShiftChangePoint	100000	min_segment	60	4	100000	4	1600212	16.002120	0.09	0.04	0.04	139520	0	6d91b7714f16b8542c869955718633086346d4e84f12387087ba7f8affb95cbf	state_row_scaling_timeSeriesMeanShiftChangePoint_100000_60_4_2
row_scaling	timeSeriesMeanShiftChangePoint	100000	min_segment	60	4	100000	4	1600212	16.002120	0.09	0.05	0.03	140028	0	6d91b7714f16b8542c869955718633086346d4e84f12387087ba7f8affb95cbf	state_row_scaling_timeSeriesMeanShiftChangePoint_100000_60_4_3
row_scaling	timeSeriesMeanShiftChangePoint	100000	min_segment	60	16	100000	16	1600848	16.008480	0.10	0.04	0.04	138888	0	4f0639cc7da31a463603700b4abbe4b5db5ce7a1ccc8d6514bc6115768e13515	state_row_scaling_timeSeriesMeanShiftChangePoint_100000_60_16_1
row_scaling	timeSeriesMeanShiftChangePoint	100000	min_segment	60	16	100000	16	1600848	16.008480	0.10	0.05	0.03	138732	0	4f0639cc7da31a463603700b4abbe4b5db5ce7a1ccc8d6514bc6115768e13515	state_row_scaling_timeSeriesMeanShiftChangePoint_100000_60_16_2
row_scaling	timeSeriesMeanShiftChangePoint	100000	min_segment	60	16	100000	16	1600848	16.008480	0.10	0.05	0.03	139688	0	4f0639cc7da31a463603700b4abbe4b5db5ce7a1ccc8d6514bc6115768e13515	state_row_scaling_timeSeriesMeanShiftChangePoint_100000_60_16_3
row_scaling	timeSeriesMeanShiftChangePoint	1000000	min_segment	60	1	1000000	1	16000053	16.000053	0.20	0.07	0.10	176604	0	7952e65e54070c0e55ae5f9ea790328e76e204237178bf133db108cc1343e339	state_row_scaling_timeSeriesMeanShiftChangePoint_1000000_60_1_1
row_scaling	timeSeriesMeanShiftChangePoint	1000000	min_segment	60	1	1000000	1	16000053	16.000053	0.17	0.08	0.07	175648	0	7952e65e54070c0e55ae5f9ea790328e76e204237178bf133db108cc1343e339	state_row_scaling_timeSeriesMeanShiftChangePoint_1000000_60_1_2
row_scaling	timeSeriesMeanShiftChangePoint	1000000	min_segment	60	1	1000000	1	16000053	16.000053	0.18	0.08	0.07	175964	0	7952e65e54070c0e55ae5f9ea790328e76e204237178bf133db108cc1343e339	state_row_scaling_timeSeriesMeanShiftChangePoint_1000000_60_1_3
row_scaling	timeSeriesMeanShiftChangePoint	1000000	min_segment	60	4	1000000	4	16000212	16.000212	0.17	0.09	0.06	170080	0	4ae7d4ddd93c2248dc2d33890442ee1226483446276e6b174543a05b1e88c8d8	state_row_scaling_timeSeriesMeanShiftChangePoint_1000000_60_4_1
row_scaling	timeSeriesMeanShiftChangePoint	1000000	min_segment	60	4	1000000	4	16000212	16.000212	0.20	0.08	0.09	169924	0	4ae7d4ddd93c2248dc2d33890442ee1226483446276e6b174543a05b1e88c8d8	state_row_scaling_timeSeriesMeanShiftChangePoint_1000000_60_4_2
row_scaling	timeSeriesMeanShiftChangePoint	1000000	min_segment	60	4	1000000	4	16000212	16.000212	0.18	0.08	0.07	170572	0	4ae7d4ddd93c2248dc2d33890442ee1226483446276e6b174543a05b1e88c8d8	state_row_scaling_timeSeriesMeanShiftChangePoint_1000000_60_4_3
row_scaling	timeSeriesMeanShiftChangePoint	1000000	min_segment	60	16	1000000	16	16000848	16.000848	0.17	0.09	0.05	167524	0	5104916a5fb1fe2872ff12c33684f9e64b057186942615f4529d76593ed57239	state_row_scaling_timeSeriesMeanShiftChangePoint_1000000_60_16_1
row_scaling	timeSeriesMeanShiftChangePoint	1000000	min_segment	60	16	1000000	16	16000848	16.000848	0.16	0.10	0.04	166816	0	5104916a5fb1fe2872ff12c33684f9e64b057186942615f4529d76593ed57239	state_row_scaling_timeSeriesMeanShiftChangePoint_1000000_60_16_2
row_scaling	timeSeriesMeanShiftChangePoint	1000000	min_segment	60	16	1000000	16	16000848	16.000848	0.17	0.09	0.05	166700	0	5104916a5fb1fe2872ff12c33684f9e64b057186942615f4529d76593ed57239	state_row_scaling_timeSeriesMeanShiftChangePoint_1000000_60_16_3
parameter_scaling	timeSeriesMeanShiftChangePoint	100000	min_segment	60	1	100000	1	1600053	16.000530	0.11	0.06	0.04	140812	0	e08be2e32047ebdb09b203c1ba2509d0dfa9e6020952aab4445a011c5b8fb686	state_parameter_scaling_timeSeriesMeanShiftChangePoint_100000_60_1_1
parameter_scaling	timeSeriesMeanShiftChangePoint	100000	min_segment	60	1	100000	1	1600053	16.000530	0.12	0.06	0.02	140172	0	e08be2e32047ebdb09b203c1ba2509d0dfa9e6020952aab4445a011c5b8fb686	state_parameter_scaling_timeSeriesMeanShiftChangePoint_100000_60_1_2
parameter_scaling	timeSeriesMeanShiftChangePoint	100000	min_segment	60	1	100000	1	1600053	16.000530	0.09	0.06	0.02	140136	0	e08be2e32047ebdb09b203c1ba2509d0dfa9e6020952aab4445a011c5b8fb686	state_parameter_scaling_timeSeriesMeanShiftChangePoint_100000_60_1_3
parameter_scaling	timeSeriesMeanShiftChangePoint	100000	min_segment	60	4	100000	4	1600212	16.002120	0.10	0.06	0.03	139748	0	6d91b7714f16b8542c869955718633086346d4e84f12387087ba7f8affb95cbf	state_parameter_scaling_timeSeriesMeanShiftChangePoint_100000_60_4_1
parameter_scaling	timeSeriesMeanShiftChangePoint	100000	min_segment	60	4	100000	4	1600212	16.002120	0.10	0.07	0.02	138920	0	6d91b7714f16b8542c869955718633086346d4e84f12387087ba7f8affb95cbf	state_parameter_scaling_timeSeriesMeanShiftChangePoint_100000_60_4_2
parameter_scaling	timeSeriesMeanShiftChangePoint	100000	min_segment	60	4	100000	4	1600212	16.002120	0.10	0.06	0.03	139776	0	6d91b7714f16b8542c869955718633086346d4e84f12387087ba7f8affb95cbf	state_parameter_scaling_timeSeriesMeanShiftChangePoint_100000_60_4_3
parameter_scaling	timeSeriesMeanShiftChangePoint	100000	min_segment	60	16	100000	16	1600848	16.008480	0.10	0.06	0.03	139528	0	4f0639cc7da31a463603700b4abbe4b5db5ce7a1ccc8d6514bc6115768e13515	state_parameter_scaling_timeSeriesMeanShiftChangePoint_100000_60_16_1
parameter_scaling	timeSeriesMeanShiftChangePoint	100000	min_segment	60	16	100000	16	1600848	16.008480	0.10	0.06	0.04	139208	0	4f0639cc7da31a463603700b4abbe4b5db5ce7a1ccc8d6514bc6115768e13515	state_parameter_scaling_timeSeriesMeanShiftChangePoint_100000_60_16_2
parameter_scaling	timeSeriesMeanShiftChangePoint	100000	min_segment	60	16	100000	16	1600848	16.008480	0.09	0.05	0.04	139368	0	4f0639cc7da31a463603700b4abbe4b5db5ce7a1ccc8d6514bc6115768e13515	state_parameter_scaling_timeSeriesMeanShiftChangePoint_100000_60_16_3
parameter_scaling	timeSeriesMeanShiftChangePoint	100000	min_segment	60	64	100000	64	1603392	16.033920	0.10	0.05	0.03	139220	0	66f13b7b0e48ed6d3cf16ab4286839c6aa743eaf24db47a990f5c2f431ea0ba6	state_parameter_scaling_timeSeriesMeanShiftChangePoint_100000_60_64_1
parameter_scaling	timeSeriesMeanShiftChangePoint	100000	min_segment	60	64	100000	64	1603392	16.033920	0.10	0.04	0.05	139232	0	66f13b7b0e48ed6d3cf16ab4286839c6aa743eaf24db47a990f5c2f431ea0ba6	state_parameter_scaling_timeSeriesMeanShiftChangePoint_100000_60_64_2
parameter_scaling	timeSeriesMeanShiftChangePoint	100000	min_segment	60	64	100000	64	1603392	16.033920	0.09	0.05	0.03	139700	0	66f13b7b0e48ed6d3cf16ab4286839c6aa743eaf24db47a990f5c2f431ea0ba6	state_parameter_scaling_timeSeriesMeanShiftChangePoint_100000_60_64_3
