experiment,process,rep,statistic
adf_direction,stationary_ar1,0,-8.365867026560041
adf_direction,random_walk,0,-1.9499131643050969
adf_direction,stationary_ar1,1,-7.846577623786551
adf_direction,random_walk,1,-2.3592059127535707
adf_direction,stationary_ar1,2,-8.231885246981477
adf_direction,random_walk,2,-0.21798038880175727
adf_direction,stationary_ar1,3,-8.158080923429432
adf_direction,random_walk,3,-1.624893312127514
adf_direction,stationary_ar1,4,-8.590584132567065
adf_direction,random_walk,4,-2.0167483965177158
adf_direction,stationary_ar1,5,-8.195464192546906
adf_direction,random_walk,5,-1.618978617516709
adf_direction,stationary_ar1,6,-8.074531008262644
adf_direction,random_walk,6,-1.272264263871798
adf_direction,stationary_ar1,7,-6.9390298083641
adf_direction,random_walk,7,-0.7101166188002475
adf_direction,stationary_ar1,8,-7.259589824435891
adf_direction,random_walk,8,-1.7991479622638193
adf_direction,stationary_ar1,9,-8.520826431297735
adf_direction,random_walk,9,-1.8600902090142035
adf_direction,stationary_ar1,10,-7.2471363858828415
adf_direction,random_walk,10,-2.5777980989888136
adf_direction,stationary_ar1,11,-8.258270490580996
adf_direction,random_walk,11,-1.1412706210931258
adf_direction,stationary_ar1,12,-7.797075172300397
adf_direction,random_walk,12,-2.18003127979061
adf_direction,stationary_ar1,13,-6.9572872446061735
adf_direction,random_walk,13,-2.2332294277270863
adf_direction,stationary_ar1,14,-7.401312887204253
adf_direction,random_walk,14,-2.1779450844406387
adf_direction,stationary_ar1,15,-8.511893533400109
adf_direction,random_walk,15,-1.1070730685017103
adf_direction,stationary_ar1,16,-7.554168801213429
adf_direction,random_walk,16,-2.1026861614994212
adf_direction,stationary_ar1,17,-7.452207496900759
adf_direction,random_walk,17,-0.3775167715598253
adf_direction,stationary_ar1,18,-7.742302790052943
adf_direction,random_walk,18,-2.3125869247845774
adf_direction,stationary_ar1,19,-7.334494501672277
adf_direction,random_walk,19,-2.1396630729808392
adf_direction,stationary_ar1,20,-8.827177544691345
adf_direction,random_walk,20,-2.035933260919873
adf_direction,stationary_ar1,21,-7.529854699002196
adf_direction,random_walk,21,-1.9017243072290635
adf_direction,stationary_ar1,22,-7.821391998156074
adf_direction,random_walk,22,0.5272762495670453
adf_direction,stationary_ar1,23,-7.974479609091084
adf_direction,random_walk,23,-1.4020867539849868
adf_direction,stationary_ar1,24,-9.164731517707677
adf_direction,random_walk,24,-0.5658386875436582
adf_direction,stationary_ar1,25,-7.044491573122394
adf_direction,random_walk,25,-1.5681092529511307
adf_direction,stationary_ar1,26,-9.400981886477268
adf_direction,random_walk,26,-2.5312031969707247
adf_direction,stationary_ar1,27,-7.465024507594726
adf_direction,random_walk,27,-1.366866441795384
adf_direction,stationary_ar1,28,-7.41714285799581
adf_direction,random_walk,28,-2.433563104507588
adf_direction,stationary_ar1,29,-7.275978331611164
adf_direction,random_walk,29,-1.5281450571652422
adf_direction,stationary_ar1,30,-8.729609921256575
adf_direction,random_walk,30,-1.511726506219064
adf_direction,stationary_ar1,31,-7.71685909539501
adf_direction,random_walk,31,-1.310518079128363
adf_direction,stationary_ar1,32,-7.17632678957006
adf_direction,random_walk,32,-1.5495839082354292
adf_direction,stationary_ar1,33,-7.300615000390816
adf_direction,random_walk,33,-1.9925603657631215
adf_direction,stationary_ar1,34,-7.419426527579468
adf_direction,random_walk,34,-1.1140195914545914
adf_direction,stationary_ar1,35,-8.932477674903232
adf_direction,random_walk,35,-1.9948658304163083
adf_direction,stationary_ar1,36,-7.5325408217077205
adf_direction,random_walk,36,-1.0545098498743852
adf_direction,stationary_ar1,37,-7.752843468659572
adf_direction,random_walk,37,-3.062668970331996
adf_direction,stationary_ar1,38,-8.272672066866214
adf_direction,random_walk,38,0.3050009665306298
adf_direction,stationary_ar1,39,-7.123030790344339
adf_direction,random_walk,39,-0.7340089850676493
adf_direction,stationary_ar1,40,-8.008581929775458
adf_direction,random_walk,40,-1.545539188858327
adf_direction,stationary_ar1,41,-7.430087985873988
adf_direction,random_walk,41,-0.7337752441138973
adf_direction,stationary_ar1,42,-7.757865888173848
adf_direction,random_walk,42,-2.341572291894706
adf_direction,stationary_ar1,43,-7.927876655455396
adf_direction,random_walk,43,-0.9763532872722623
adf_direction,stationary_ar1,44,-7.604858386025151
adf_direction,random_walk,44,-1.2689260746916917
adf_direction,stationary_ar1,45,-8.098983063788731
adf_direction,random_walk,45,-1.9178860675115663
adf_direction,stationary_ar1,46,-6.744735260841836
adf_direction,random_walk,46,-1.8785531622002178
adf_direction,stationary_ar1,47,-8.489413323758894
adf_direction,random_walk,47,-0.732123009490505
adf_direction,stationary_ar1,48,-7.822963585342021
adf_direction,random_walk,48,-2.6459692818289797
adf_direction,stationary_ar1,49,-8.108455650999117
adf_direction,random_walk,49,-2.0839849273936237
adf_direction,stationary_ar1,50,-8.628043684894708
adf_direction,random_walk,50,-0.01817041028725585
adf_direction,stationary_ar1,51,-6.567191833067294
adf_direction,random_walk,51,-1.0166165907252709
adf_direction,stationary_ar1,52,-8.541823647262582
adf_direction,random_walk,52,-2.37803931500844
adf_direction,stationary_ar1,53,-7.72574523996938
adf_direction,random_walk,53,-1.4761181483408856
adf_direction,stationary_ar1,54,-6.979452299997321
adf_direction,random_walk,54,-2.4262484761680825
adf_direction,stationary_ar1,55,-7.602838987307545
adf_direction,random_walk,55,-1.8574734208664057
adf_direction,stationary_ar1,56,-7.877746484978876
adf_direction,random_walk,56,-2.2606788627243484
adf_direction,stationary_ar1,57,-6.6628686253929725
adf_direction,random_walk,57,-0.98126587452859
adf_direction,stationary_ar1,58,-8.965258586366303
adf_direction,random_walk,58,-2.421825628054941
adf_direction,stationary_ar1,59,-7.4592203831136
adf_direction,random_walk,59,-2.7005986142316867
adf_direction,stationary_ar1,60,-8.856537946431747
adf_direction,random_walk,60,-1.9638664381128128
adf_direction,stationary_ar1,61,-6.633722399935542
adf_direction,random_walk,61,-1.4839743616252423
adf_direction,stationary_ar1,62,-9.250351242589954
adf_direction,random_walk,62,-2.430139570828792
adf_direction,stationary_ar1,63,-8.093190377794752
adf_direction,random_walk,63,-2.120705316411619
adf_direction,stationary_ar1,64,-8.755520869770217
adf_direction,random_walk,64,0.36675158027140486
adf_direction,stationary_ar1,65,-8.73397133085695
adf_direction,random_walk,65,-0.26221858634503487
adf_direction,stationary_ar1,66,-8.053169275732895
adf_direction,random_walk,66,-2.890392748700984
adf_direction,stationary_ar1,67,-8.460807328843032
adf_direction,random_walk,67,-2.7838669473369198
adf_direction,stationary_ar1,68,-8.197093699585633
adf_direction,random_walk,68,-0.5446260715449343
adf_direction,stationary_ar1,69,-7.039042904688878
adf_direction,random_walk,69,-2.0420037607257506
adf_direction,stationary_ar1,70,-8.697005156573994
adf_direction,random_walk,70,-1.6328373503198148
adf_direction,stationary_ar1,71,-7.239703800769813
adf_direction,random_walk,71,-0.4867563295351299
adf_direction,stationary_ar1,72,-6.885885296036708
adf_direction,random_walk,72,-2.3627084701727576
adf_direction,stationary_ar1,73,-8.210003457769742
adf_direction,random_walk,73,-2.0003322567076296
adf_direction,stationary_ar1,74,-8.667482721894372
adf_direction,random_walk,74,-2.5861186753991072
adf_direction,stationary_ar1,75,-7.915262669668782
adf_direction,random_walk,75,-0.9783829489138348
adf_direction,stationary_ar1,76,-6.709413902659229
adf_direction,random_walk,76,-1.75217770431303
adf_direction,stationary_ar1,77,-8.239857671081849
adf_direction,random_walk,77,-0.876546163749779
adf_direction,stationary_ar1,78,-6.789862790956658
adf_direction,random_walk,78,-1.3001903419231604
adf_direction,stationary_ar1,79,-9.234326839032265
adf_direction,random_walk,79,-1.5184813381450053
adf_direction,stationary_ar1,80,-6.509212446800022
adf_direction,random_walk,80,-1.1726414466660005
adf_direction,stationary_ar1,81,-7.2600041697310935
adf_direction,random_walk,81,-2.342070376584805
adf_direction,stationary_ar1,82,-7.2052802911992355
adf_direction,random_walk,82,-2.2127589329458126
adf_direction,stationary_ar1,83,-6.50467067227071
adf_direction,random_walk,83,-0.6488401461154286
adf_direction,stationary_ar1,84,-6.921005126683429
adf_direction,random_walk,84,-2.5360702762383522
adf_direction,stationary_ar1,85,-7.271201659149695
adf_direction,random_walk,85,-1.0266132269677146
adf_direction,stationary_ar1,86,-6.688318662852514
adf_direction,random_walk,86,-0.6431970045730708
adf_direction,stationary_ar1,87,-6.276670407500358
adf_direction,random_walk,87,-3.169131389141405
adf_direction,stationary_ar1,88,-8.129821177159696
adf_direction,random_walk,88,-2.8698590157654618
adf_direction,stationary_ar1,89,-8.283930910355856
adf_direction,random_walk,89,-0.2318619602466539
adf_direction,stationary_ar1,90,-6.400085897703685
adf_direction,random_walk,90,-0.2593340804512853
adf_direction,stationary_ar1,91,-8.732966504452708
adf_direction,random_walk,91,-0.8357396414482724
adf_direction,stationary_ar1,92,-8.342161463328775
adf_direction,random_walk,92,-1.6720054929903456
adf_direction,stationary_ar1,93,-9.034795651203902
adf_direction,random_walk,93,-0.5657635449837558
adf_direction,stationary_ar1,94,-8.240130316151985
adf_direction,random_walk,94,-1.8652013078524967
adf_direction,stationary_ar1,95,-8.094834958118868
adf_direction,random_walk,95,-0.7828854350949919
adf_direction,stationary_ar1,96,-8.022963895155371
adf_direction,random_walk,96,-1.5508091117450291
adf_direction,stationary_ar1,97,-6.8453334483860795
adf_direction,random_walk,97,-1.108945537710627
adf_direction,stationary_ar1,98,-7.483044377858537
adf_direction,random_walk,98,-0.3391699145740212
adf_direction,stationary_ar1,99,-7.992953555987798
adf_direction,random_walk,99,-1.6976525333376677
adf_direction,stationary_ar1,100,-6.695733925377891
adf_direction,random_walk,100,-0.6975692854898238
adf_direction,stationary_ar1,101,-7.374385572453612
adf_direction,random_walk,101,-2.0961600630904336
adf_direction,stationary_ar1,102,-7.233539669617735
adf_direction,random_walk,102,-2.244422478166678
adf_direction,stationary_ar1,103,-7.764921525385369
adf_direction,random_walk,103,-0.7477836517332598
adf_direction,stationary_ar1,104,-7.737805409949687
adf_direction,random_walk,104,-1.0756299659466109
adf_direction,stationary_ar1,105,-7.098329053873274
adf_direction,random_walk,105,-2.7022629870484285
adf_direction,stationary_ar1,106,-7.583442561588783
adf_direction,random_walk,106,-2.1878267610125053
adf_direction,stationary_ar1,107,-7.539276606482767
adf_direction,random_walk,107,-1.949447827337818
adf_direction,stationary_ar1,108,-7.5200949935141335
adf_direction,random_walk,108,-2.6064461623549375
adf_direction,stationary_ar1,109,-7.707644525869982
adf_direction,random_walk,109,-1.2296169708329312
adf_direction,stationary_ar1,110,-7.777937128096753
adf_direction,random_walk,110,-1.9374351740947864
adf_direction,stationary_ar1,111,-6.942323226424602
adf_direction,random_walk,111,-1.3280151478177142
adf_direction,stationary_ar1,112,-7.644672603729369
adf_direction,random_walk,112,-0.9895791035300592
adf_direction,stationary_ar1,113,-8.615986340000436
adf_direction,random_walk,113,-1.3692469004070433
adf_direction,stationary_ar1,114,-6.956522490070743
adf_direction,random_walk,114,-2.067427133755952
adf_direction,stationary_ar1,115,-7.332447941428663
adf_direction,random_walk,115,-1.1043882776548728
adf_direction,stationary_ar1,116,-9.30370769633321
adf_direction,random_walk,116,-0.7307269150301056
adf_direction,stationary_ar1,117,-6.893508394428973
adf_direction,random_walk,117,-1.8634690026185596
adf_direction,stationary_ar1,118,-8.32028566467893
adf_direction,random_walk,118,-1.9341235439964544
adf_direction,stationary_ar1,119,-7.907639913891299
adf_direction,random_walk,119,-2.0485183233704807
