experiment,intercept_hat,intercept_true,noise_sd,order,outcome,phi_1_hat,phi_1_true,phi_2_hat,phi_2_true,rep,scenario
ar_recovery,0.4198669285945264,0.4,0.2,1,fit,0.23207656610388158,0.25,,,0,ar1_phi_0.25_noise_0.2
ar_recovery,0.3743122341135915,0.4,0.2,1,fit,0.27182691846234064,0.25,,,1,ar1_phi_0.25_noise_0.2
ar_recovery,0.3606478200002605,0.4,0.2,1,fit,0.334273078798289,0.25,,,2,ar1_phi_0.25_noise_0.2
ar_recovery,0.43668942628688423,0.4,0.2,1,fit,0.13948646572939818,0.25,,,3,ar1_phi_0.25_noise_0.2
ar_recovery,0.41240182604699005,0.4,0.2,1,fit,0.2243297125192262,0.25,,,4,ar1_phi_0.25_noise_0.2
ar_recovery,0.4179571591526978,0.4,0.2,1,fit,0.21993712775330151,0.25,,,5,ar1_phi_0.25_noise_0.2
ar_recovery,0.38078936786396467,0.4,0.2,1,fit,0.2515515084548429,0.25,,,6,ar1_phi_0.25_noise_0.2
ar_recovery,0.3759539377767571,0.4,0.2,1,fit,0.2988943710028682,0.25,,,7,ar1_phi_0.25_noise_0.2
ar_recovery,0.41722258618982827,0.4,0.2,1,fit,0.22123563854305706,0.25,,,8,ar1_phi_0.25_noise_0.2
ar_recovery,0.3871904867875534,0.4,0.2,1,fit,0.29568429913713073,0.25,,,9,ar1_phi_0.25_noise_0.2
ar_recovery,0.38344920165621876,0.4,0.2,1,fit,0.28834654360262346,0.25,,,10,ar1_phi_0.25_noise_0.2
ar_recovery,0.4320950626716318,0.4,0.2,1,fit,0.20976979189847356,0.25,,,11,ar1_phi_0.25_noise_0.2
ar_recovery,0.4227385574209165,0.4,0.2,1,fit,0.2417222452596185,0.25,,,12,ar1_phi_0.25_noise_0.2
ar_recovery,0.4438155632785501,0.4,0.2,1,fit,0.19355918308263018,0.25,,,13,ar1_phi_0.25_noise_0.2
ar_recovery,0.3885474690746056,0.4,0.2,1,fit,0.2544487985561097,0.25,,,14,ar1_phi_0.25_noise_0.2
ar_recovery,0.39019703892809243,0.4,0.2,1,fit,0.2707902479358829,0.25,,,15,ar1_phi_0.25_noise_0.2
ar_recovery,0.4438041148789098,0.4,0.2,1,fit,0.12875652179631705,0.25,,,16,ar1_phi_0.25_noise_0.2
ar_recovery,0.3450575808318743,0.4,0.2,1,fit,0.3180974111649589,0.25,,,17,ar1_phi_0.25_noise_0.2
ar_recovery,0.3978803777980668,0.4,0.2,1,fit,0.24791754261454274,0.25,,,18,ar1_phi_0.25_noise_0.2
ar_recovery,0.406375733630278,0.4,0.2,1,fit,0.24473983115376308,0.25,,,19,ar1_phi_0.25_noise_0.2
ar_recovery,0.4226170485547023,0.4,0.2,1,fit,0.19458165206549435,0.25,,,20,ar1_phi_0.25_noise_0.2
ar_recovery,0.35703060529867103,0.4,0.2,1,fit,0.30003834633074333,0.25,,,21,ar1_phi_0.25_noise_0.2
ar_recovery,0.38436835461028085,0.4,0.2,1,fit,0.25269532786234067,0.25,,,22,ar1_phi_0.25_noise_0.2
ar_recovery,0.41788104803122106,0.4,0.2,1,fit,0.28570638155956246,0.25,,,23,ar1_phi_0.25_noise_0.2
ar_recovery,0.3579888588519393,0.4,0.2,1,fit,0.30777785040313577,0.25,,,24,ar1_phi_0.25_noise_0.2
ar_recovery,0.4196314632174326,0.4,0.2,1,fit,0.20394127565708955,0.25,,,25,ar1_phi_0.25_noise_0.2
ar_recovery,0.4103161585645244,0.4,0.2,1,fit,0.22494113885141004,0.25,,,26,ar1_phi_0.25_noise_0.2
ar_recovery,0.3517529800952034,0.4,0.2,1,fit,0.35566037627182273,0.25,,,27,ar1_phi_0.25_noise_0.2
ar_recovery,0.3859411975493098,0.4,0.2,1,fit,0.23306788432943049,0.25,,,28,ar1_phi_0.25_noise_0.2
ar_recovery,0.440524966733452,0.4,0.2,1,fit,0.16760794923365885,0.25,,,29,ar1_phi_0.25_noise_0.2
ar_recovery,0.46624159300004686,0.4,0.2,1,fit,0.11296376640682537,0.25,,,30,ar1_phi_0.25_noise_0.2
ar_recovery,0.40379235645802614,0.4,0.2,1,fit,0.21503935559861273,0.25,,,31,ar1_phi_0.25_noise_0.2
ar_recovery,0.4473046963620714,0.4,0.2,1,fit,0.12641182136213813,0.25,,,32,ar1_phi_0.25_noise_0.2
ar_recovery,0.4333091936745237,0.4,0.2,1,fit,0.21081017355332993,0.25,,,33,ar1_phi_0.25_noise_0.2
ar_recovery,0.4071132892807977,0.4,0.2,1,fit,0.20896163043914803,0.25,,,34,ar1_phi_0.25_noise_0.2
ar_recovery,0.378505983263965,0.4,0.2,1,fit,0.2844016352529979,0.25,,,35,ar1_phi_0.25_noise_0.2
ar_recovery,0.41384817492225634,0.4,0.2,1,fit,0.1911932030683853,0.25,,,36,ar1_phi_0.25_noise_0.2
ar_recovery,0.40944444553757786,0.4,0.2,1,fit,0.2316224433322507,0.25,,,37,ar1_phi_0.25_noise_0.2
ar_recovery,0.38048958091827545,0.4,0.2,1,fit,0.2698968298706169,0.25,,,38,ar1_phi_0.25_noise_0.2
ar_recovery,0.43426078867281664,0.4,0.2,1,fit,0.22285531491159463,0.25,,,39,ar1_phi_0.25_noise_0.2
ar_recovery,0.4246351463864996,0.4,0.2,1,fit,0.17321058437766207,0.25,,,40,ar1_phi_0.25_noise_0.2
ar_recovery,0.4129331804247366,0.4,0.2,1,fit,0.21284233164611904,0.25,,,41,ar1_phi_0.25_noise_0.2
ar_recovery,0.36057471567233956,0.4,0.2,1,fit,0.32939472398940034,0.25,,,42,ar1_phi_0.25_noise_0.2
ar_recovery,0.4248112390079237,0.4,0.2,1,fit,0.18591056625997596,0.25,,,43,ar1_phi_0.25_noise_0.2
ar_recovery,0.42463020595495327,0.4,0.2,1,fit,0.21491634185544334,0.25,,,44,ar1_phi_0.25_noise_0.2
ar_recovery,0.3935567392288686,0.4,0.2,1,fit,0.2654835729770026,0.25,,,45,ar1_phi_0.25_noise_0.2
ar_recovery,0.36946706277249775,0.4,0.2,1,fit,0.2819547595761862,0.25,,,46,ar1_phi_0.25_noise_0.2
ar_recovery,0.3885892679449068,0.4,0.2,1,fit,0.24567433328096855,0.25,,,47,ar1_phi_0.25_noise_0.2
ar_recovery,0.40753405018165323,0.4,0.2,1,fit,0.22927768630683482,0.25,,,48,ar1_phi_0.25_noise_0.2
ar_recovery,0.3685340366986717,0.4,0.2,1,fit,0.3257993027095878,0.25,,,49,ar1_phi_0.25_noise_0.2
ar_recovery,0.4089213067402703,0.4,0.2,1,fit,0.2540009226597705,0.25,,,50,ar1_phi_0.25_noise_0.2
ar_recovery,0.3821549972354567,0.4,0.2,1,fit,0.27786577506183013,0.25,,,51,ar1_phi_0.25_noise_0.2
ar_recovery,0.4294089897047959,0.4,0.2,1,fit,0.2158932355386129,0.25,,,52,ar1_phi_0.25_noise_0.2
ar_recovery,0.3423509309845316,0.4,0.2,1,fit,0.3400869583035521,0.25,,,53,ar1_phi_0.25_noise_0.2
ar_recovery,0.44086983856194084,0.4,0.2,1,fit,0.17388641672031924,0.25,,,54,ar1_phi_0.25_noise_0.2
ar_recovery,0.36796662477946424,0.4,0.2,1,fit,0.261023752561879,0.25,,,55,ar1_phi_0.25_noise_0.2
ar_recovery,0.40883704931362463,0.4,0.2,1,fit,0.21084864023468064,0.25,,,56,ar1_phi_0.25_noise_0.2
ar_recovery,0.4384598199419148,0.4,0.2,1,fit,0.1689241630166709,0.25,,,57,ar1_phi_0.25_noise_0.2
ar_recovery,0.355241842026509,0.4,0.2,1,fit,0.33285268532441364,0.25,,,58,ar1_phi_0.25_noise_0.2
ar_recovery,0.4006298690012989,0.4,0.2,1,fit,0.26445746238036494,0.25,,,59,ar1_phi_0.25_noise_0.2
ar_recovery,0.369711037076939,0.4,0.2,1,fit,0.3400069808180002,0.25,,,60,ar1_phi_0.25_noise_0.2
ar_recovery,0.43300330720419367,0.4,0.2,1,fit,0.18802334721707664,0.25,,,61,ar1_phi_0.25_noise_0.2
ar_recovery,0.34676701195940435,0.4,0.2,1,fit,0.3373123686705601,0.25,,,62,ar1_phi_0.25_noise_0.2
ar_recovery,0.45386227430981246,0.4,0.2,1,fit,0.16835217457857526,0.25,,,63,ar1_phi_0.25_noise_0.2
ar_recovery,0.3973846791844403,0.4,0.2,1,fit,0.2559793839830951,0.25,,,64,ar1_phi_0.25_noise_0.2
ar_recovery,0.3719468358935313,0.4,0.2,1,fit,0.28468051513169257,0.25,,,65,ar1_phi_0.25_noise_0.2
ar_recovery,0.3742617372352419,0.4,0.2,1,fit,0.2865654937311022,0.25,,,66,ar1_phi_0.25_noise_0.2
ar_recovery,0.4106953505821514,0.4,0.2,1,fit,0.23038807174957604,0.25,,,67,ar1_phi_0.25_noise_0.2
ar_recovery,0.4782527658788774,0.4,0.2,1,fit,0.12889804430777127,0.25,,,68,ar1_phi_0.25_noise_0.2
ar_recovery,0.38544653190341305,0.4,0.2,1,fit,0.26849990938951274,0.25,,,69,ar1_phi_0.25_noise_0.2
ar_recovery,0.454124673939612,0.4,0.2,1,fit,0.11047002205221747,0.25,,,70,ar1_phi_0.25_noise_0.2
ar_recovery,0.43086476530586104,0.4,0.2,1,fit,0.19860739419010212,0.25,,,71,ar1_phi_0.25_noise_0.2
ar_recovery,0.3730322349991397,0.4,0.2,1,fit,0.28792788364563626,0.25,,,72,ar1_phi_0.25_noise_0.2
ar_recovery,0.4307540077359871,0.4,0.2,1,fit,0.18208386001792315,0.25,,,73,ar1_phi_0.25_noise_0.2
ar_recovery,0.3497538738114171,0.4,0.2,1,fit,0.2982204104724004,0.25,,,74,ar1_phi_0.25_noise_0.2
ar_recovery,0.4704483137134798,0.4,0.2,1,fit,0.11085925983107114,0.25,,,75,ar1_phi_0.25_noise_0.2
ar_recovery,0.4599067888349873,0.4,0.2,1,fit,0.1429502645312805,0.25,,,76,ar1_phi_0.25_noise_0.2
ar_recovery,0.37960819968789694,0.4,0.2,1,fit,0.287415884441172,0.25,,,77,ar1_phi_0.25_noise_0.2
ar_recovery,0.3951244709458738,0.4,0.2,1,fit,0.2420948554911477,0.25,,,78,ar1_phi_0.25_noise_0.2
ar_recovery,0.34491255426583955,0.4,0.2,1,fit,0.36405477438007317,0.25,,,79,ar1_phi_0.25_noise_0.2
ar_recovery,0.33263825138442943,0.4,0.2,1,fit,0.35373554304570576,0.25,,,80,ar1_phi_0.25_noise_0.2
ar_recovery,0.3368149785590815,0.4,0.2,1,fit,0.3320341397480863,0.25,,,81,ar1_phi_0.25_noise_0.2
ar_recovery,0.37953720933708157,0.4,0.2,1,fit,0.2890288130000186,0.25,,,82,ar1_phi_0.25_noise_0.2
ar_recovery,0.3864118770355437,0.4,0.2,1,fit,0.2992136179765948,0.25,,,83,ar1_phi_0.25_noise_0.2
ar_recovery,0.4313591922904282,0.4,0.2,1,fit,0.20162288074162416,0.25,,,84,ar1_phi_0.25_noise_0.2
ar_recovery,0.44397181712090006,0.4,0.2,1,fit,0.17788161792537954,0.25,,,85,ar1_phi_0.25_noise_0.2
ar_recovery,0.3924325696263934,0.4,0.2,1,fit,0.2610780699148817,0.25,,,86,ar1_phi_0.25_noise_0.2
ar_recovery,0.43226425739252583,0.4,0.2,1,fit,0.15971187824424896,0.25,,,87,ar1_phi_0.25_noise_0.2
ar_recovery,0.3705545831906637,0.4,0.2,1,fit,0.29496291156172794,0.25,,,88,ar1_phi_0.25_noise_0.2
ar_recovery,0.4025001526089895,0.4,0.2,1,fit,0.2325437349145132,0.25,,,89,ar1_phi_0.25_noise_0.2
ar_recovery,0.4580351199377024,0.4,0.2,1,fit,0.14961503686558605,0.25,,,90,ar1_phi_0.25_noise_0.2
ar_recovery,0.43438466031183554,0.4,0.2,1,fit,0.24631289036482354,0.25,,,91,ar1_phi_0.25_noise_0.2
ar_recovery,0.4084874965444456,0.4,0.2,1,fit,0.23622411549448422,0.25,,,92,ar1_phi_0.25_noise_0.2
ar_recovery,0.39377896624893993,0.4,0.2,1,fit,0.27632861911135714,0.25,,,93,ar1_phi_0.25_noise_0.2
ar_recovery,0.46549165326581843,0.4,0.2,1,fit,0.1411482757889189,0.25,,,94,ar1_phi_0.25_noise_0.2
ar_recovery,0.4548292257429184,0.4,0.2,1,fit,0.17016057651565764,0.25,,,95,ar1_phi_0.25_noise_0.2
ar_recovery,0.4992014532400928,0.4,0.2,1,fit,0.08865399270556364,0.25,,,96,ar1_phi_0.25_noise_0.2
ar_recovery,0.3506144675701411,0.4,0.2,1,fit,0.3716457671882719,0.25,,,97,ar1_phi_0.25_noise_0.2
ar_recovery,0.40584375756076363,0.4,0.2,1,fit,0.23471073422935151,0.25,,,98,ar1_phi_0.25_noise_0.2
ar_recovery,0.42226499886589497,0.4,0.2,1,fit,0.22784546647187548,0.25,,,99,ar1_phi_0.25_noise_0.2
ar_recovery,0.4196127129708531,0.4,0.2,1,fit,0.24131593031141552,0.25,,,100,ar1_phi_0.25_noise_0.2
ar_recovery,0.4009465281182667,0.4,0.2,1,fit,0.25456215720276937,0.25,,,101,ar1_phi_0.25_noise_0.2
ar_recovery,0.4510208700437593,0.4,0.2,1,fit,0.15470950006276568,0.25,,,102,ar1_phi_0.25_noise_0.2
ar_recovery,0.3825368908892732,0.4,0.2,1,fit,0.24669552441391734,0.25,,,103,ar1_phi_0.25_noise_0.2
ar_recovery,0.4136107365225753,0.4,0.2,1,fit,0.20442167428252783,0.25,,,104,ar1_phi_0.25_noise_0.2
ar_recovery,0.3756909586102218,0.4,0.2,1,fit,0.2876857371239786,0.25,,,105,ar1_phi_0.25_noise_0.2
ar_recovery,0.40603168023992253,0.4,0.2,1,fit,0.2639925477201801,0.25,,,106,ar1_phi_0.25_noise_0.2
ar_recovery,0.3796687770746585,0.4,0.2,1,fit,0.2787593492606573,0.25,,,107,ar1_phi_0.25_noise_0.2
ar_recovery,0.43048051225205086,0.4,0.2,1,fit,0.2237353835176878,0.25,,,108,ar1_phi_0.25_noise_0.2
ar_recovery,0.33127987815637744,0.4,0.2,1,fit,0.39219462073190825,0.25,,,109,ar1_phi_0.25_noise_0.2
ar_recovery,0.4024791740661326,0.4,0.2,1,fit,0.23196798968976215,0.25,,,110,ar1_phi_0.25_noise_0.2
ar_recovery,0.4151536896274478,0.4,0.2,1,fit,0.2683906720332805,0.25,,,111,ar1_phi_0.25_noise_0.2
ar_recovery,0.3608216366997044,0.4,0.2,1,fit,0.3190542439753576,0.25,,,112,ar1_phi_0.25_noise_0.2
ar_recovery,0.410357569451835,0.4,0.2,1,fit,0.1853816560638128,0.25,,,113,ar1_phi_0.25_noise_0.2
ar_recovery,0.4186819327894713,0.4,0.2,1,fit,0.22429460678933988,0.25,,,114,ar1_phi_0.25_noise_0.2
ar_recovery,0.3772385631037046,0.4,0.2,1,fit,0.31869405867595646,0.25,,,115,ar1_phi_0.25_noise_0.2
ar_recovery,0.42674114383909695,0.4,0.2,1,fit,0.16639007612094217,0.25,,,116,ar1_phi_0.25_noise_0.2
ar_recovery,0.3426304536289969,0.4,0.2,1,fit,0.3744762437774369,0.25,,,117,ar1_phi_0.25_noise_0.2
ar_recovery,0.38345025333368266,0.4,0.2,1,fit,0.2640404604873689,0.25,,,118,ar1_phi_0.25_noise_0.2
ar_recovery,0.3933058258061818,0.4,0.2,1,fit,0.23640359601748975,0.25,,,119,ar1_phi_0.25_noise_0.2
ar_recovery,0.47189830266496635,0.4,1.0,1,fit,0.6067592790226058,0.7,,,0,ar1_phi_0.70_noise_1.0
ar_recovery,0.46304269502966333,0.4,1.0,1,fit,0.6865958886039846,0.7,,,1,ar1_phi_0.70_noise_1.0
ar_recovery,0.5931843781249413,0.4,1.0,1,fit,0.6725888073485237,0.7,,,2,ar1_phi_0.70_noise_1.0
ar_recovery,0.29921351844289956,0.4,1.0,1,fit,0.6713825535373625,0.7,,,3,ar1_phi_0.70_noise_1.0
ar_recovery,0.28845884068506766,0.4,1.0,1,fit,0.7186323221593215,0.7,,,4,ar1_phi_0.70_noise_1.0
ar_recovery,0.4743093105771512,0.4,1.0,1,fit,0.6498026956986968,0.7,,,5,ar1_phi_0.70_noise_1.0
ar_recovery,0.2882518571477872,0.4,1.0,1,fit,0.7572781089717638,0.7,,,6,ar1_phi_0.70_noise_1.0
ar_recovery,0.3750357157677051,0.4,1.0,1,fit,0.7271924066632957,0.7,,,7,ar1_phi_0.70_noise_1.0
ar_recovery,0.631955476549199,0.4,1.0,1,fit,0.5833287719488586,0.7,,,8,ar1_phi_0.70_noise_1.0
ar_recovery,0.5826482312418504,0.4,1.0,1,fit,0.7150697855057523,0.7,,,9,ar1_phi_0.70_noise_1.0
ar_recovery,0.434194360617115,0.4,1.0,1,fit,0.7036024032826048,0.7,,,10,ar1_phi_0.70_noise_1.0
ar_recovery,0.41507520383437413,0.4,1.0,1,fit,0.6725080172296931,0.7,,,11,ar1_phi_0.70_noise_1.0
ar_recovery,0.32208983803229785,0.4,1.0,1,fit,0.7364826007385489,0.7,,,12,ar1_phi_0.70_noise_1.0
ar_recovery,0.3958575469340795,0.4,1.0,1,fit,0.6893048477579166,0.7,,,13,ar1_phi_0.70_noise_1.0
ar_recovery,0.4497473501303504,0.4,1.0,1,fit,0.6723811731442317,0.7,,,14,ar1_phi_0.70_noise_1.0
ar_recovery,0.3286989179281101,0.4,1.0,1,fit,0.734974832105484,0.7,,,15,ar1_phi_0.70_noise_1.0
ar_recovery,0.5952851687312142,0.4,1.0,1,fit,0.6671547240435579,0.7,,,16,ar1_phi_0.70_noise_1.0
ar_recovery,0.3774818449559185,0.4,1.0,1,fit,0.697834157512936,0.7,,,17,ar1_phi_0.70_noise_1.0
ar_recovery,0.37338132915874045,0.4,1.0,1,fit,0.7010194073255629,0.7,,,18,ar1_phi_0.70_noise_1.0
ar_recovery,0.39289140857312943,0.4,1.0,1,fit,0.7089255128606157,0.7,,,19,ar1_phi_0.70_noise_1.0
ar_recovery,0.3235047064014188,0.4,1.0,1,fit,0.6694096210262781,0.7,,,20,ar1_phi_0.70_noise_1.0
ar_recovery,0.3565815171806337,0.4,1.0,1,fit,0.7268662077779069,0.7,,,21,ar1_phi_0.70_noise_1.0
ar_recovery,0.2612820441921655,0.4,1.0,1,fit,0.7722985971117969,0.7,,,22,ar1_phi_0.70_noise_1.0
ar_recovery,0.392412987154632,0.4,1.0,1,fit,0.7071429981073589,0.7,,,23,ar1_phi_0.70_noise_1.0
ar_recovery,0.3687626526994796,0.4,1.0,1,fit,0.6554163981958132,0.7,,,24,ar1_phi_0.70_noise_1.0
ar_recovery,0.4707665592500021,0.4,1.0,1,fit,0.6953599822607845,0.7,,,25,ar1_phi_0.70_noise_1.0
ar_recovery,0.3222806546962955,0.4,1.0,1,fit,0.7496408757268525,0.7,,,26,ar1_phi_0.70_noise_1.0
ar_recovery,0.3749816041561138,0.4,1.0,1,fit,0.6778433056947548,0.7,,,27,ar1_phi_0.70_noise_1.0
ar_recovery,0.258270211394906,0.4,1.0,1,fit,0.7581644806899791,0.7,,,28,ar1_phi_0.70_noise_1.0
ar_recovery,0.4738260894004611,0.4,1.0,1,fit,0.6913976936508143,0.7,,,29,ar1_phi_0.70_noise_1.0
ar_recovery,0.49333364386384027,0.4,1.0,1,fit,0.6711869818518346,0.7,,,30,ar1_phi_0.70_noise_1.0
ar_recovery,0.35573708082458966,0.4,1.0,1,fit,0.7228787159833908,0.7,,,31,ar1_phi_0.70_noise_1.0
ar_recovery,0.3344628361589512,0.4,1.0,1,fit,0.75835116371694,0.7,,,32,ar1_phi_0.70_noise_1.0
ar_recovery,0.5659858297592772,0.4,1.0,1,fit,0.6344724826511183,0.7,,,33,ar1_phi_0.70_noise_1.0
ar_recovery,0.4026576411199718,0.4,1.0,1,fit,0.7115616464310816,0.7,,,34,ar1_phi_0.70_noise_1.0
ar_recovery,0.24645156022575032,0.4,1.0,1,fit,0.7540336925870802,0.7,,,35,ar1_phi_0.70_noise_1.0
ar_recovery,0.372077773409883,0.4,1.0,1,fit,0.6589579055340219,0.7,,,36,ar1_phi_0.70_noise_1.0
ar_recovery,0.26889153701637847,0.4,1.0,1,fit,0.7391214432311188,0.7,,,37,ar1_phi_0.70_noise_1.0
ar_recovery,0.4897113184485278,0.4,1.0,1,fit,0.6433598922509725,0.7,,,38,ar1_phi_0.70_noise_1.0
ar_recovery,0.382979656084135,0.4,1.0,1,fit,0.6855168948432192,0.7,,,39,ar1_phi_0.70_noise_1.0
ar_recovery,0.5747705868179946,0.4,1.0,1,fit,0.5834774356245158,0.7,,,40,ar1_phi_0.70_noise_1.0
ar_recovery,0.350062059641576,0.4,1.0,1,fit,0.7449585103369328,0.7,,,41,ar1_phi_0.70_noise_1.0
ar_recovery,0.4713537022058305,0.4,1.0,1,fit,0.7194658033504907,0.7,,,42,ar1_phi_0.70_noise_1.0
ar_recovery,0.5635132434019334,0.4,1.0,1,fit,0.5900008876643598,0.7,,,43,ar1_phi_0.70_noise_1.0
ar_recovery,0.3132423038515757,0.4,1.0,1,fit,0.7641187782603359,0.7,,,44,ar1_phi_0.70_noise_1.0
ar_recovery,0.4064171011854494,0.4,1.0,1,fit,0.6581579172547712,0.7,,,45,ar1_phi_0.70_noise_1.0
ar_recovery,0.4749964929228032,0.4,1.0,1,fit,0.6630102297397062,0.7,,,46,ar1_phi_0.70_noise_1.0
ar_recovery,0.4025917614820227,0.4,1.0,1,fit,0.5756603658359652,0.7,,,47,ar1_phi_0.70_noise_1.0
ar_recovery,0.38745125369686706,0.4,1.0,1,fit,0.7779552738553592,0.7,,,48,ar1_phi_0.70_noise_1.0
ar_recovery,0.5077679809179214,0.4,1.0,1,fit,0.6498103754267114,0.7,,,49,ar1_phi_0.70_noise_1.0
ar_recovery,0.45365739146820316,0.4,1.0,1,fit,0.6658981063377281,0.7,,,50,ar1_phi_0.70_noise_1.0
ar_recovery,0.49891076882816177,0.4,1.0,1,fit,0.6629764814379496,0.7,,,51,ar1_phi_0.70_noise_1.0
ar_recovery,0.47136254116604936,0.4,1.0,1,fit,0.6345905690840971,0.7,,,52,ar1_phi_0.70_noise_1.0
ar_recovery,0.6284468055040262,0.4,1.0,1,fit,0.6416397872401172,0.7,,,53,ar1_phi_0.70_noise_1.0
ar_recovery,0.39140078898807795,0.4,1.0,1,fit,0.6980856528034454,0.7,,,54,ar1_phi_0.70_noise_1.0
ar_recovery,0.42406110740968206,0.4,1.0,1,fit,0.6954327513887,0.7,,,55,ar1_phi_0.70_noise_1.0
ar_recovery,0.2596264816417578,0.4,1.0,1,fit,0.583242521773999,0.7,,,56,ar1_phi_0.70_noise_1.0
ar_recovery,0.48753484348778753,0.4,1.0,1,fit,0.6684547677056941,0.7,,,57,ar1_phi_0.70_noise_1.0
ar_recovery,0.49628262220515884,0.4,1.0,1,fit,0.6917470562863505,0.7,,,58,ar1_phi_0.70_noise_1.0
ar_recovery,0.5343898941064638,0.4,1.0,1,fit,0.6270449039727344,0.7,,,59,ar1_phi_0.70_noise_1.0
ar_recovery,0.3333824786884696,0.4,1.0,1,fit,0.7915318210702784,0.7,,,60,ar1_phi_0.70_noise_1.0
ar_recovery,0.44399742892927785,0.4,1.0,1,fit,0.615261349092574,0.7,,,61,ar1_phi_0.70_noise_1.0
ar_recovery,0.4918559618326859,0.4,1.0,1,fit,0.6174310433002208,0.7,,,62,ar1_phi_0.70_noise_1.0
ar_recovery,0.40128272506514207,0.4,1.0,1,fit,0.6428837241055687,0.7,,,63,ar1_phi_0.70_noise_1.0
ar_recovery,0.31019349618705583,0.4,1.0,1,fit,0.7738156975133546,0.7,,,64,ar1_phi_0.70_noise_1.0
ar_recovery,0.30981727728321573,0.4,1.0,1,fit,0.7339136779532744,0.7,,,65,ar1_phi_0.70_noise_1.0
ar_recovery,0.27422722507254793,0.4,1.0,1,fit,0.7396895091215278,0.7,,,66,ar1_phi_0.70_noise_1.0
ar_recovery,0.3523791008176358,0.4,1.0,1,fit,0.6976856175864021,0.7,,,67,ar1_phi_0.70_noise_1.0
ar_recovery,0.4583144023714958,0.4,1.0,1,fit,0.6675346938658767,0.7,,,68,ar1_phi_0.70_noise_1.0
ar_recovery,0.374533947887147,0.4,1.0,1,fit,0.7307993530410197,0.7,,,69,ar1_phi_0.70_noise_1.0
ar_recovery,0.40498536166466703,0.4,1.0,1,fit,0.6753418569567925,0.7,,,70,ar1_phi_0.70_noise_1.0
ar_recovery,0.365437326888955,0.4,1.0,1,fit,0.7703417651994495,0.7,,,71,ar1_phi_0.70_noise_1.0
ar_recovery,0.41722253365903517,0.4,1.0,1,fit,0.6722060280166292,0.7,,,72,ar1_phi_0.70_noise_1.0
ar_recovery,0.4647855048128311,0.4,1.0,1,fit,0.6866209748786932,0.7,,,73,ar1_phi_0.70_noise_1.0
ar_recovery,0.43203813697839744,0.4,1.0,1,fit,0.7167201691041737,0.7,,,74,ar1_phi_0.70_noise_1.0
ar_recovery,0.33246047026278003,0.4,1.0,1,fit,0.7664629921099695,0.7,,,75,ar1_phi_0.70_noise_1.0
ar_recovery,0.38687111200139235,0.4,1.0,1,fit,0.72884607916691,0.7,,,76,ar1_phi_0.70_noise_1.0
ar_recovery,0.3145285216858711,0.4,1.0,1,fit,0.7517286306413857,0.7,,,77,ar1_phi_0.70_noise_1.0
ar_recovery,0.2847901144931404,0.4,1.0,1,fit,0.7602830462606331,0.7,,,78,ar1_phi_0.70_noise_1.0
ar_recovery,0.4081795978729379,0.4,1.0,1,fit,0.6744600859286107,0.7,,,79,ar1_phi_0.70_noise_1.0
ar_recovery,0.5347821778095527,0.4,1.0,1,fit,0.64692831436191,0.7,,,80,ar1_phi_0.70_noise_1.0
ar_recovery,0.41071428798336873,0.4,1.0,1,fit,0.6529500754644157,0.7,,,81,ar1_phi_0.70_noise_1.0
ar_recovery,0.2775224467987627,0.4,1.0,1,fit,0.7534685067374826,0.7,,,82,ar1_phi_0.70_noise_1.0
ar_recovery,0.4402667441406787,0.4,1.0,1,fit,0.7324690843308815,0.7,,,83,ar1_phi_0.70_noise_1.0
ar_recovery,0.5642723585011826,0.4,1.0,1,fit,0.6351988156353675,0.7,,,84,ar1_phi_0.70_noise_1.0
ar_recovery,0.35151425119300006,0.4,1.0,1,fit,0.665911549510954,0.7,,,85,ar1_phi_0.70_noise_1.0
ar_recovery,0.39766341495415425,0.4,1.0,1,fit,0.7233274419086989,0.7,,,86,ar1_phi_0.70_noise_1.0
ar_recovery,0.3462336016557539,0.4,1.0,1,fit,0.7917729683180226,0.7,,,87,ar1_phi_0.70_noise_1.0
ar_recovery,0.4193207491179982,0.4,1.0,1,fit,0.6711409570150746,0.7,,,88,ar1_phi_0.70_noise_1.0
ar_recovery,0.30265978731265264,0.4,1.0,1,fit,0.7423950078879645,0.7,,,89,ar1_phi_0.70_noise_1.0
ar_recovery,0.4163700627314486,0.4,1.0,1,fit,0.6892941926209409,0.7,,,90,ar1_phi_0.70_noise_1.0
ar_recovery,0.39659609011777786,0.4,1.0,1,fit,0.6745057127192557,0.7,,,91,ar1_phi_0.70_noise_1.0
ar_recovery,0.2972752957639573,0.4,1.0,1,fit,0.6724312655625168,0.7,,,92,ar1_phi_0.70_noise_1.0
ar_recovery,0.28602012776639896,0.4,1.0,1,fit,0.7891576698754842,0.7,,,93,ar1_phi_0.70_noise_1.0
ar_recovery,0.3128879115270915,0.4,1.0,1,fit,0.6970012100671628,0.7,,,94,ar1_phi_0.70_noise_1.0
ar_recovery,0.46513235005535547,0.4,1.0,1,fit,0.6241719042592345,0.7,,,95,ar1_phi_0.70_noise_1.0
ar_recovery,0.41583745612451906,0.4,1.0,1,fit,0.708466110297593,0.7,,,96,ar1_phi_0.70_noise_1.0
ar_recovery,0.4156852591684923,0.4,1.0,1,fit,0.7109144107597981,0.7,,,97,ar1_phi_0.70_noise_1.0
ar_recovery,0.37586959023299715,0.4,1.0,1,fit,0.6461574392865631,0.7,,,98,ar1_phi_0.70_noise_1.0
ar_recovery,0.4689263012264484,0.4,1.0,1,fit,0.6950451329757467,0.7,,,99,ar1_phi_0.70_noise_1.0
ar_recovery,0.4058553990207914,0.4,1.0,1,fit,0.7390999216205159,0.7,,,100,ar1_phi_0.70_noise_1.0
ar_recovery,0.3919392781979645,0.4,1.0,1,fit,0.6607035928197875,0.7,,,101,ar1_phi_0.70_noise_1.0
ar_recovery,0.4187514148277205,0.4,1.0,1,fit,0.7016728604363994,0.7,,,102,ar1_phi_0.70_noise_1.0
ar_recovery,0.5607333570564923,0.4,1.0,1,fit,0.605087221293063,0.7,,,103,ar1_phi_0.70_noise_1.0
ar_recovery,0.47523652097753777,0.4,1.0,1,fit,0.6975843900599777,0.7,,,104,ar1_phi_0.70_noise_1.0
ar_recovery,0.4773163714507591,0.4,1.0,1,fit,0.6475299134715584,0.7,,,105,ar1_phi_0.70_noise_1.0
ar_recovery,0.35447998062474806,0.4,1.0,1,fit,0.6541015716360357,0.7,,,106,ar1_phi_0.70_noise_1.0
ar_recovery,0.30876414163776333,0.4,1.0,1,fit,0.7216209967856171,0.7,,,107,ar1_phi_0.70_noise_1.0
ar_recovery,0.45760034528098803,0.4,1.0,1,fit,0.6698543509156418,0.7,,,108,ar1_phi_0.70_noise_1.0
ar_recovery,0.3349562343883501,0.4,1.0,1,fit,0.7526762217847706,0.7,,,109,ar1_phi_0.70_noise_1.0
ar_recovery,0.34792189913491933,0.4,1.0,1,fit,0.7723683130913584,0.7,,,110,ar1_phi_0.70_noise_1.0
ar_recovery,0.38230797515906767,0.4,1.0,1,fit,0.680030008969473,0.7,,,111,ar1_phi_0.70_noise_1.0
ar_recovery,0.3721663995364888,0.4,1.0,1,fit,0.6920292067096004,0.7,,,112,ar1_phi_0.70_noise_1.0
ar_recovery,0.49862384338725496,0.4,1.0,1,fit,0.7163282053767134,0.7,,,113,ar1_phi_0.70_noise_1.0
ar_recovery,0.5183001701146528,0.4,1.0,1,fit,0.6951500002934621,0.7,,,114,ar1_phi_0.70_noise_1.0
ar_recovery,0.5579857241965027,0.4,1.0,1,fit,0.6215677925435652,0.7,,,115,ar1_phi_0.70_noise_1.0
ar_recovery,0.2905376395952528,0.4,1.0,1,fit,0.789860664480699,0.7,,,116,ar1_phi_0.70_noise_1.0
ar_recovery,0.42954955745801615,0.4,1.0,1,fit,0.7026208378320954,0.7,,,117,ar1_phi_0.70_noise_1.0
ar_recovery,0.563329646343107,0.4,1.0,1,fit,0.594748190990673,0.7,,,118,ar1_phi_0.70_noise_1.0
ar_recovery,0.3783169138990976,0.4,1.0,1,fit,0.7265250091699258,0.7,,,119,ar1_phi_0.70_noise_1.0
ar_recovery,0.4403150726423261,0.4,0.5,2,fit,0.5075901888438454,0.5,-0.3124915519536499,-0.25,0,ar2_phi_0.50_-0.25_noise_0.5
ar_recovery,0.41941753833643947,0.4,0.5,2,fit,0.41763105656869953,0.5,-0.23029890764961397,-0.25,1,ar2_phi_0.50_-0.25_noise_0.5
ar_recovery,0.3561190178834108,0.4,0.5,2,fit,0.6248674593435586,0.5,-0.2876885060995063,-0.25,2,ar2_phi_0.50_-0.25_noise_0.5
ar_recovery,0.4369676802825393,0.4,0.5,2,fit,0.4858629974942225,0.5,-0.29566882055025795,-0.25,3,ar2_phi_0.50_-0.25_noise_0.5
ar_recovery,0.3873011234711934,0.4,0.5,2,fit,0.45382296626107876,0.5,-0.18995835066965672,-0.25,4,ar2_phi_0.50_-0.25_noise_0.5
ar_recovery,0.3552705798233876,0.4,0.5,2,fit,0.4952738055767604,0.5,-0.2090766901444749,-0.25,5,ar2_phi_0.50_-0.25_noise_0.5
ar_recovery,0.5607697287680787,0.4,0.5,2,fit,0.45225431194995613,0.5,-0.3274022270942657,-0.25,6,ar2_phi_0.50_-0.25_noise_0.5
ar_recovery,0.3395156987629182,0.4,0.5,2,fit,0.4769981046394248,0.5,-0.182544361952537,-0.25,7,ar2_phi_0.50_-0.25_noise_0.5
ar_recovery,0.40967438271296447,0.4,0.5,2,fit,0.46528226748141205,0.5,-0.23976715293770084,-0.25,8,ar2_phi_0.50_-0.25_noise_0.5
ar_recovery,0.4075640939070449,0.4,0.5,2,fit,0.47187251746177716,0.5,-0.219879057514628,-0.25,9,ar2_phi_0.50_-0.25_noise_0.5
ar_recovery,0.4011988045819787,0.4,0.5,2,fit,0.577181264454236,0.5,-0.34255057052713533,-0.25,10,ar2_phi_0.50_-0.25_noise_0.5
ar_recovery,0.35098823363132015,0.4,0.5,2,fit,0.5153000247898196,0.5,-0.2699924358581448,-0.25,11,ar2_phi_0.50_-0.25_noise_0.5
ar_recovery,0.3850595210719969,0.4,0.5,2,fit,0.5751438027144595,0.5,-0.30960625243178513,-0.25,12,ar2_phi_0.50_-0.25_noise_0.5
ar_recovery,0.37693319464441233,0.4,0.5,2,fit,0.48738070272424194,0.5,-0.2182475670751182,-0.25,13,ar2_phi_0.50_-0.25_noise_0.5
ar_recovery,0.46088709376205206,0.4,0.5,2,fit,0.4573612471593089,0.5,-0.24840886560604133,-0.25,14,ar2_phi_0.50_-0.25_noise_0.5
ar_recovery,0.386499325052733,0.4,0.5,2,fit,0.5639825655498405,0.5,-0.3933607784640549,-0.25,15,ar2_phi_0.50_-0.25_noise_0.5
ar_recovery,0.369763545144989,0.4,0.5,2,fit,0.46628028720049186,0.5,-0.1411774709557467,-0.25,16,ar2_phi_0.50_-0.25_noise_0.5
ar_recovery,0.381978667179284,0.4,0.5,2,fit,0.4953854163062001,0.5,-0.17041135241902938,-0.25,17,ar2_phi_0.50_-0.25_noise_0.5
ar_recovery,0.3230789901838742,0.4,0.5,2,fit,0.5371273531233648,0.5,-0.2269502077461402,-0.25,18,ar2_phi_0.50_-0.25_noise_0.5
ar_recovery,0.40613484094272106,0.4,0.5,2,fit,0.5369666652961571,0.5,-0.2823022290128304,-0.25,19,ar2_phi_0.50_-0.25_noise_0.5
ar_recovery,0.35078083895479906,0.4,0.5,2,fit,0.491622392536753,0.5,-0.18123418292858645,-0.25,20,ar2_phi_0.50_-0.25_noise_0.5
ar_recovery,0.4636197239931233,0.4,0.5,2,fit,0.4780271806286307,0.5,-0.3379773516241624,-0.25,21,ar2_phi_0.50_-0.25_noise_0.5
ar_recovery,0.37912408194834457,0.4,0.5,2,fit,0.41763795069610193,0.5,-0.18065088346243893,-0.25,22,ar2_phi_0.50_-0.25_noise_0.5
ar_recovery,0.35933470924603295,0.4,0.5,2,fit,0.5593023840290532,0.5,-0.2664445034206987,-0.25,23,ar2_phi_0.50_-0.25_noise_0.5
ar_recovery,0.436348676353706,0.4,0.5,2,fit,0.46167112641774904,0.5,-0.2479348628930244,-0.25,24,ar2_phi_0.50_-0.25_noise_0.5
ar_recovery,0.41809170878605945,0.4,0.5,2,fit,0.5584980022171295,0.5,-0.29424247278776866,-0.25,25,ar2_phi_0.50_-0.25_noise_0.5
ar_recovery,0.36628710295240896,0.4,0.5,2,fit,0.5064134397647073,0.5,-0.2290254537097833,-0.25,26,ar2_phi_0.50_-0.25_noise_0.5
ar_recovery,0.3692833681432676,0.4,0.5,2,fit,0.39483141830558177,0.5,-0.21177403379889623,-0.25,27,ar2_phi_0.50_-0.25_noise_0.5
ar_recovery,0.36343510750269925,0.4,0.5,2,fit,0.5208124092061893,0.5,-0.21547337953554985,-0.25,28,ar2_phi_0.50_-0.25_noise_0.5
ar_recovery,0.4204558062978926,0.4,0.5,2,fit,0.4612291074022592,0.5,-0.3563684456520568,-0.25,29,ar2_phi_0.50_-0.25_noise_0.5
ar_recovery,0.3779514733558615,0.4,0.5,2,fit,0.40418526603647686,0.5,-0.27527759420112313,-0.25,30,ar2_phi_0.50_-0.25_noise_0.5
ar_recovery,0.4369496372994905,0.4,0.5,2,fit,0.4852688715646203,0.5,-0.3687730129670909,-0.25,31,ar2_phi_0.50_-0.25_noise_0.5
ar_recovery,0.37503463594566566,0.4,0.5,2,fit,0.5625208141457886,0.5,-0.2832631810215202,-0.25,32,ar2_phi_0.50_-0.25_noise_0.5
ar_recovery,0.4094799736640614,0.4,0.5,2,fit,0.5293702741863209,0.5,-0.32549831244179084,-0.25,33,ar2_phi_0.50_-0.25_noise_0.5
ar_recovery,0.413268801648366,0.4,0.5,2,fit,0.5084231493308023,0.5,-0.3216118874128293,-0.25,34,ar2_phi_0.50_-0.25_noise_0.5
ar_recovery,0.425743894720673,0.4,0.5,2,fit,0.3969810750758298,0.5,-0.21972217052185797,-0.25,35,ar2_phi_0.50_-0.25_noise_0.5
ar_recovery,0.4239589250262543,0.4,0.5,2,fit,0.43297431371526984,0.5,-0.23296238742368705,-0.25,36,ar2_phi_0.50_-0.25_noise_0.5
ar_recovery,0.44326870135369023,0.4,0.5,2,fit,0.5835574061215689,0.5,-0.3725209465569572,-0.25,37,ar2_phi_0.50_-0.25_noise_0.5
ar_recovery,0.2931203956114059,0.4,0.5,2,fit,0.5362066942842777,0.5,-0.20464736375963957,-0.25,38,ar2_phi_0.50_-0.25_noise_0.5
ar_recovery,0.4016985654980019,0.4,0.5,2,fit,0.4645478640485596,0.5,-0.22367375088038202,-0.25,39,ar2_phi_0.50_-0.25_noise_0.5
ar_recovery,0.41829478002267334,0.4,0.5,2,fit,0.3784134655037941,0.5,-0.1796892692697087,-0.25,40,ar2_phi_0.50_-0.25_noise_0.5
ar_recovery,0.327457742064893,0.4,0.5,2,fit,0.5911160035255899,0.5,-0.1275299987614295,-0.25,41,ar2_phi_0.50_-0.25_noise_0.5
ar_recovery,0.44828479416102535,0.4,0.5,2,fit,0.42431665900043924,0.5,-0.23948212862520415,-0.25,42,ar2_phi_0.50_-0.25_noise_0.5
ar_recovery,0.295028703565894,0.4,0.5,2,fit,0.6010388754000255,0.5,-0.2390730523582704,-0.25,43,ar2_phi_0.50_-0.25_noise_0.5
ar_recovery,0.37435588798433167,0.4,0.5,2,fit,0.4498708835466815,0.5,-0.2199438658306401,-0.25,44,ar2_phi_0.50_-0.25_noise_0.5
ar_recovery,0.3892584516347622,0.4,0.5,2,fit,0.42915374150903335,0.5,-0.20257546801785348,-0.25,45,ar2_phi_0.50_-0.25_noise_0.5
ar_recovery,0.38540287542027724,0.4,0.5,2,fit,0.5818112713334358,0.5,-0.27862517899329764,-0.25,46,ar2_phi_0.50_-0.25_noise_0.5
ar_recovery,0.4322555756916789,0.4,0.5,2,fit,0.31834648732727794,0.5,-0.10548715134080891,-0.25,47,ar2_phi_0.50_-0.25_noise_0.5
ar_recovery,0.33494840486182026,0.4,0.5,2,fit,0.5197435806068319,0.5,-0.2247616607040107,-0.25,48,ar2_phi_0.50_-0.25_noise_0.5
ar_recovery,0.35205843041157103,0.4,0.5,2,fit,0.539892496251946,0.5,-0.2606505159514377,-0.25,49,ar2_phi_0.50_-0.25_noise_0.5
ar_recovery,0.3197098066341652,0.4,0.5,2,fit,0.6453176010699717,0.5,-0.2396195853379715,-0.25,50,ar2_phi_0.50_-0.25_noise_0.5
ar_recovery,0.3499537636890036,0.4,0.5,2,fit,0.5481256009008194,0.5,-0.20663671176368414,-0.25,51,ar2_phi_0.50_-0.25_noise_0.5
ar_recovery,0.33617207177539266,0.4,0.5,2,fit,0.537427527710221,0.5,-0.17301145561160025,-0.25,52,ar2_phi_0.50_-0.25_noise_0.5
ar_recovery,0.47188393052364047,0.4,0.5,2,fit,0.45561333239782825,0.5,-0.2767125475756071,-0.25,53,ar2_phi_0.50_-0.25_noise_0.5
ar_recovery,0.42395991495354485,0.4,0.5,2,fit,0.5639262355372653,0.5,-0.26401115901232614,-0.25,54,ar2_phi_0.50_-0.25_noise_0.5
ar_recovery,0.3893838646817832,0.4,0.5,2,fit,0.47459929073264917,0.5,-0.2399069379043861,-0.25,55,ar2_phi_0.50_-0.25_noise_0.5
ar_recovery,0.3994994388228606,0.4,0.5,2,fit,0.5289605403664804,0.5,-0.21611213664321816,-0.25,56,ar2_phi_0.50_-0.25_noise_0.5
ar_recovery,0.4104300088277762,0.4,0.5,2,fit,0.456664958452894,0.5,-0.21913005980783112,-0.25,57,ar2_phi_0.50_-0.25_noise_0.5
ar_recovery,0.4736961102651767,0.4,0.5,2,fit,0.4407471526088485,0.5,-0.27219871122908845,-0.25,58,ar2_phi_0.50_-0.25_noise_0.5
ar_recovery,0.3733101528694984,0.4,0.5,2,fit,0.4427912796467889,0.5,-0.25390742475508,-0.25,59,ar2_phi_0.50_-0.25_noise_0.5
ar_recovery,0.5037745330873968,0.4,0.5,2,fit,0.4749881574073925,0.5,-0.3004566238479855,-0.25,60,ar2_phi_0.50_-0.25_noise_0.5
ar_recovery,0.39698463395668193,0.4,0.5,2,fit,0.552393631292727,0.5,-0.3290662633980814,-0.25,61,ar2_phi_0.50_-0.25_noise_0.5
ar_recovery,0.4499623266369908,0.4,0.5,2,fit,0.41969292652260026,0.5,-0.2701060359869086,-0.25,62,ar2_phi_0.50_-0.25_noise_0.5
ar_recovery,0.3579608171908547,0.4,0.5,2,fit,0.4421525380928144,0.5,-0.20533877046507065,-0.25,63,ar2_phi_0.50_-0.25_noise_0.5
ar_recovery,0.4264932476597567,0.4,0.5,2,fit,0.5333231966331556,0.5,-0.2913479951851171,-0.25,64,ar2_phi_0.50_-0.25_noise_0.5
ar_recovery,0.49738212081003796,0.4,0.5,2,fit,0.4277662988306955,0.5,-0.3160938559404232,-0.25,65,ar2_phi_0.50_-0.25_noise_0.5
ar_recovery,0.3997420989031447,0.4,0.5,2,fit,0.4465543234287733,0.5,-0.2007048070233833,-0.25,66,ar2_phi_0.50_-0.25_noise_0.5
ar_recovery,0.4435118339890983,0.4,0.5,2,fit,0.46928688770177784,0.5,-0.31102756248238533,-0.25,67,ar2_phi_0.50_-0.25_noise_0.5
ar_recovery,0.37604767134196193,0.4,0.5,2,fit,0.5324115972924982,0.5,-0.2752376236417986,-0.25,68,ar2_phi_0.50_-0.25_noise_0.5
ar_recovery,0.36904198578201874,0.4,0.5,2,fit,0.540145972718987,0.5,-0.2787183105597542,-0.25,69,ar2_phi_0.50_-0.25_noise_0.5
ar_recovery,0.30548981754969057,0.4,0.5,2,fit,0.5477177864159035,0.5,-0.1633744854978211,-0.25,70,ar2_phi_0.50_-0.25_noise_0.5
ar_recovery,0.37649799496420017,0.4,0.5,2,fit,0.4616234853967552,0.5,-0.15733396135957617,-0.25,71,ar2_phi_0.50_-0.25_noise_0.5
ar_recovery,0.4041507891018358,0.4,0.5,2,fit,0.467416124959531,0.5,-0.21439350842619637,-0.25,72,ar2_phi_0.50_-0.25_noise_0.5
ar_recovery,0.4891466888808399,0.4,0.5,2,fit,0.5229913520519195,0.5,-0.34181930491784274,-0.25,73,ar2_phi_0.50_-0.25_noise_0.5
ar_recovery,0.46535059674490437,0.4,0.5,2,fit,0.5471423562050373,0.5,-0.33556930453234785,-0.25,74,ar2_phi_0.50_-0.25_noise_0.5
ar_recovery,0.4246515106843858,0.4,0.5,2,fit,0.39536279884059955,0.5,-0.1977274484411395,-0.25,75,ar2_phi_0.50_-0.25_noise_0.5
ar_recovery,0.3979943977453404,0.4,0.5,2,fit,0.5004658541355157,0.5,-0.34253236231164164,-0.25,76,ar2_phi_0.50_-0.25_noise_0.5
ar_recovery,0.4301271553416842,0.4,0.5,2,fit,0.501460129823839,0.5,-0.24973286589892232,-0.25,77,ar2_phi_0.50_-0.25_noise_0.5
ar_recovery,0.36959926498421836,0.4,0.5,2,fit,0.5383419779367594,0.5,-0.22439440922666018,-0.25,78,ar2_phi_0.50_-0.25_noise_0.5
ar_recovery,0.4253179656268754,0.4,0.5,2,fit,0.5629503034202223,0.5,-0.3492824952478238,-0.25,79,ar2_phi_0.50_-0.25_noise_0.5
ar_recovery,0.425979383197584,0.4,0.5,2,fit,0.4835870179070871,0.5,-0.2537571293146287,-0.25,80,ar2_phi_0.50_-0.25_noise_0.5
ar_recovery,0.34059698835636737,0.4,0.5,2,fit,0.5720378888927364,0.5,-0.16128269589303432,-0.25,81,ar2_phi_0.50_-0.25_noise_0.5
ar_recovery,0.3483862090879343,0.4,0.5,2,fit,0.4473581672439563,0.5,-0.22291047738214748,-0.25,82,ar2_phi_0.50_-0.25_noise_0.5
ar_recovery,0.48466754834119263,0.4,0.5,2,fit,0.42041317765984115,0.5,-0.2439162140309968,-0.25,83,ar2_phi_0.50_-0.25_noise_0.5
ar_recovery,0.4459159435622142,0.4,0.5,2,fit,0.46467093725357606,0.5,-0.2557525696633328,-0.25,84,ar2_phi_0.50_-0.25_noise_0.5
ar_recovery,0.478977518175573,0.4,0.5,2,fit,0.47053193720656594,0.5,-0.30658887383403965,-0.25,85,ar2_phi_0.50_-0.25_noise_0.5
ar_recovery,0.46655016755781664,0.4,0.5,2,fit,0.44114521554759367,0.5,-0.4056526853138572,-0.25,86,ar2_phi_0.50_-0.25_noise_0.5
ar_recovery,0.4021514578227088,0.4,0.5,2,fit,0.5297814063219911,0.5,-0.299018293547649,-0.25,87,ar2_phi_0.50_-0.25_noise_0.5
ar_recovery,0.3346210769090911,0.4,0.5,2,fit,0.5819694646084681,0.5,-0.21073311138057968,-0.25,88,ar2_phi_0.50_-0.25_noise_0.5
ar_recovery,0.4415103852305834,0.4,0.5,2,fit,0.4285930673605418,0.5,-0.279532336753495,-0.25,89,ar2_phi_0.50_-0.25_noise_0.5
ar_recovery,0.38138528733781757,0.4,0.5,2,fit,0.5940188026083681,0.5,-0.22655815989896605,-0.25,90,ar2_phi_0.50_-0.25_noise_0.5
ar_recovery,0.4443424491273028,0.4,0.5,2,fit,0.45273463262257146,0.5,-0.25642875198979076,-0.25,91,ar2_phi_0.50_-0.25_noise_0.5
ar_recovery,0.5162225665586551,0.4,0.5,2,fit,0.4074245338060547,0.5,-0.2946656518338377,-0.25,92,ar2_phi_0.50_-0.25_noise_0.5
ar_recovery,0.4518613855361029,0.4,0.5,2,fit,0.49517751370417346,0.5,-0.28454414638901954,-0.25,93,ar2_phi_0.50_-0.25_noise_0.5
ar_recovery,0.4756095036500886,0.4,0.5,2,fit,0.5353087417498987,0.5,-0.25368350311230853,-0.25,94,ar2_phi_0.50_-0.25_noise_0.5
ar_recovery,0.46545078532667816,0.4,0.5,2,fit,0.4531028256377776,0.5,-0.2943711903923207,-0.25,95,ar2_phi_0.50_-0.25_noise_0.5
ar_recovery,0.38210486059117543,0.4,0.5,2,fit,0.47192075640016484,0.5,-0.2245172507205452,-0.25,96,ar2_phi_0.50_-0.25_noise_0.5
ar_recovery,0.3527102849255209,0.4,0.5,2,fit,0.5391977414829304,0.5,-0.23118075011061148,-0.25,97,ar2_phi_0.50_-0.25_noise_0.5
ar_recovery,0.38718837871162276,0.4,0.5,2,fit,0.5030697958269688,0.5,-0.2892499384609133,-0.25,98,ar2_phi_0.50_-0.25_noise_0.5
ar_recovery,0.3908143103870771,0.4,0.5,2,fit,0.5948698234874954,0.5,-0.32255403141223704,-0.25,99,ar2_phi_0.50_-0.25_noise_0.5
ar_recovery,0.41892878652972104,0.4,0.5,2,fit,0.46730524773725823,0.5,-0.3667166000831403,-0.25,100,ar2_phi_0.50_-0.25_noise_0.5
ar_recovery,0.3786543409264238,0.4,0.5,2,fit,0.47964760625502717,0.5,-0.2732623353575251,-0.25,101,ar2_phi_0.50_-0.25_noise_0.5
ar_recovery,0.40256312648361436,0.4,0.5,2,fit,0.5540868368336805,0.5,-0.2723593991849871,-0.25,102,ar2_phi_0.50_-0.25_noise_0.5
ar_recovery,0.4835342060512318,0.4,0.5,2,fit,0.4163237716341518,0.5,-0.27686061460067424,-0.25,103,ar2_phi_0.50_-0.25_noise_0.5
ar_recovery,0.41624902129954083,0.4,0.5,2,fit,0.5743622082720578,0.5,-0.37610331322965596,-0.25,104,ar2_phi_0.50_-0.25_noise_0.5
ar_recovery,0.40276046854302694,0.4,0.5,2,fit,0.45625020030485686,0.5,-0.2331109579997359,-0.25,105,ar2_phi_0.50_-0.25_noise_0.5
ar_recovery,0.2904502629789641,0.4,0.5,2,fit,0.6554254109818336,0.5,-0.21339768865740444,-0.25,106,ar2_phi_0.50_-0.25_noise_0.5
ar_recovery,0.4437645939186916,0.4,0.5,2,fit,0.4693112084672437,0.5,-0.2508768830599697,-0.25,107,ar2_phi_0.50_-0.25_noise_0.5
ar_recovery,0.43119145182867163,0.4,0.5,2,fit,0.4855255981679948,0.5,-0.27250983668052264,-0.25,108,ar2_phi_0.50_-0.25_noise_0.5
ar_recovery,0.42725335919189145,0.4,0.5,2,fit,0.42341671890068794,0.5,-0.14815929840551553,-0.25,109,ar2_phi_0.50_-0.25_noise_0.5
ar_recovery,0.43458760012723174,0.4,0.5,2,fit,0.456237939525256,0.5,-0.3519728941368379,-0.25,110,ar2_phi_0.50_-0.25_noise_0.5
ar_recovery,0.34619874984170335,0.4,0.5,2,fit,0.5813007015059053,0.5,-0.2796101808366794,-0.25,111,ar2_phi_0.50_-0.25_noise_0.5
ar_recovery,0.4945718558009812,0.4,0.5,2,fit,0.45897722218516424,0.5,-0.29219647885294325,-0.25,112,ar2_phi_0.50_-0.25_noise_0.5
ar_recovery,0.4113306633775617,0.4,0.5,2,fit,0.39933324214489063,0.5,-0.15971934839273616,-0.25,113,ar2_phi_0.50_-0.25_noise_0.5
ar_recovery,0.419361333155956,0.4,0.5,2,fit,0.6319871291487881,0.5,-0.37813985299763586,-0.25,114,ar2_phi_0.50_-0.25_noise_0.5
ar_recovery,0.4017438825346046,0.4,0.5,2,fit,0.3883464444106049,0.5,-0.14961839973762792,-0.25,115,ar2_phi_0.50_-0.25_noise_0.5
ar_recovery,0.4349980717873078,0.4,0.5,2,fit,0.5231686140968321,0.5,-0.3399920142022346,-0.25,116,ar2_phi_0.50_-0.25_noise_0.5
ar_recovery,0.38451773919309135,0.4,0.5,2,fit,0.4674197813295171,0.5,-0.19377321621664836,-0.25,117,ar2_phi_0.50_-0.25_noise_0.5
ar_recovery,0.38922094994588624,0.4,0.5,2,fit,0.4766899671915216,0.5,-0.23432084941950135,-0.25,118,ar2_phi_0.50_-0.25_noise_0.5
ar_recovery,0.41319059638652944,0.4,0.5,2,fit,0.5098435316109989,0.5,-0.2917697938867979,-0.25,119,ar2_phi_0.50_-0.25_noise_0.5
